rxn,flux
ATPS_m,7.108547210786332
IDP_h,0.2242087953004133
IDP_m,0.0
THD2_m,0.0
ATAM_c,2.390363259389431
GLTS_h,0.3911498981243273
GLNA_h,2.7792089233679445
FACOAL_181_9Z_c,0.0
ACS_c,0.9859839828658385
UTAL_c,0.00320705531553217
ASPTA_L_c,0.947268526644589
ASPTA_L_h,-1.55836101466617
OAAAKGt_m,0.0
ASPTA_L_m,0.22418445398017717
FACOAL_160_c,0.0
SERDC_m,0.0
SAL_m,-0.19989005272094842
ALATA_L_h,1.353927289888064
GLYK_c,5.238073620074947e-16
MDH_m,0.0
MALAKGt_m,0.10004211059950709
MALOAAt_m,0.0
ME1_m,0.7347372308551734
PGI_c,-0.8876188099620118
PGI_h,-5.92368503177329e-16
AMPD_c,0.0
FACOAL_180_c,0.0
TDSR_c,0.0
FTHDF_c,6.49880607303168e-17
FTHFL_c,0.0
ASNS_c,0.04918173778027028
ATPCS_c,-0.947268526644589
AKGCITt_m,0.947268526644589
MALCITt_m,0.0
OAACITt_m,0.0
CISY_m,0.0
G3PDH_h,0.0
TPI_h,5.8930206879184865
DGOTO_c,0.0
PGM_c,0.0
PGM_h,-5.92368503177329e-16
PYC_m,0.0
CITICITt_m,0.0
MAT_c,0.007351919705171565
GHMT_m,-0.04113059043487334
PEPC_m,0.0
PYK_c,0.0
AGPOP_c,0.0
GTPOP_c,0.0
PEPC_h,0.0
PPDK_h,0.0
PYK_m,1.74390674437999
PEPCK_m,0.22418445398017717
SAT_h,0.0
DAOTO_c,0.0
DAPOP_c,0.0
DHFR1_c,0.0
DHFR2_c,0.0
AGAT_m,0.0
MALS_x,0.019768289700410124
FACOAL_182_9Z12Z_c,0.0
PDH_E3_h,0.09222887906255474
PDH_E3_m,0.6149268305552562
PYDXK_c,0.0
PYDXPP_c,0.0
RPDPK_c,0.0
GMPS_c,0.0
GMPS_GLU_c,0.0032070553155323367
IMPD_c,0.0032070553155323367
PDH_E1a_h,0.09222887906255474
PDH_E1a_m,0.0
TAL_m,0.0
ADH_c,0.0
THRA_m,0.0
SUAT_h,0.023750317473423654
DCDT_c,0.0
DOLPMT_c,0.0
MDUMT_c,0.0
ATDTM_c,0.0
DTMPK_c,0.0
CCP2_m,0.0
CYSS_h,0.0
SAHH_c,-0.007351919705171635
GAPDH_c,0.0
GAPDH_h,17.370055139182274
PGK_h,17.370055139182274
GAPDH_m,-1.5197222903998129
ENO_h,-0.20600461638212414
ENO_m,-1.5197222903998129
G6PDH_c,0.8876188099620124
DMOR_4_h,0.1623085825845414
DMOR_4_m,0.0
MG3_c,0.0
MG2_c,0.0
CBL_m,0.0
IDIH_h,0.0
PETHCT_c,0.0
DHFOR1_c,0.0
THFOR1_c,0.0
THFOR2_c,0.0
DHFOR2_c,0.0
GGPS_h,0.0177053900232018
GUAD_c,0.0
LDH_m,0.0
MI3PS_c,0.0
DVPCHLDR_h,0.00045404218674717007
PCHLDOR_h,0.0
PDXPP_c,0.0
PYDXNK_c,0.0
SDH_m,-0.641271437441707
PYDXS_c,0.0
UGDH_c,0.0
MTMOHT_m,0.0
PGLYCP_h,0.0
IPPS_h,0.0887824533972291
PPNCL_m,0.0
METS_c,-0.02629908622602107
MTHFO1_c,0.0
MTHFO2_c,0.02629908622602107
PGDH_c,0.8876188099620124
PGDH_h,0.0
EAR40_h,0.0
OCT_m,0.05505927776172123
UPP3DC_h,0.0
DVCHLDR_h,-0.005895672337985844
DVPCHLDOR_h,0.005895672337985844
FBP_h,2.9980114980547747
FBA_h,-2.9980114980547747
OAT_m,-0.13945569594698587
FPPS_c,0.0
GPPS_c,0.0
FPPS_h,0.0177053900232018
GPPS_h,0.0177053900232018
IDS1_h,0.053116170069605395
IDS2_h,0.0177053900232018
HMGL_m,0.0
FACOAL_183_6Z9Z12Z_c,0.0
MCOATA_h,-5.92368503177329e-16
MMSAD_m,0.0
NITR_c,1.6370439208751293
GGDR_h,0.005895672337985844
CHRM_c,0.09171490345249064
FCLT_h,0.0
PYAMPP_c,0.0
PYAMK_c,0.0
PRK_h,8.788029877782199
TALA_h,0.0
SELCYSLY2_c,0.0
SELTOR_c,0.0
SPMS_c,0.0
SCS_m,-0.6149268305552562
EAR120_h,0.0
EAR60_h,0.0
EAR160_h,-5.92368503177329e-16
RPE_h,-5.8930206879184865
TKL1_h,-2.8950091898637123
TKL2_h,2.9980114980547743
P5CR_c,0.0
DAPEP_h,0.056689821111412776
DAHPS_h,0.10300230819106207
ACCAT_m,0.0
BCKDHI_m,0.0
BCKDHV_m,0.0
IMPDH_h,0.0887824533972291
DHQS_h,0.10300230819106207
SERPT_c,0.0
KARI_1_h,-0.056500223047496315
KARI_2_h,0.056500223047496315
MCCC_m,0.0
MGCH_m,0.0
BCKDHL_m,0.0
3OAS181_h,0.0
3OAS120_h,0.0
3OAS100_h,0.0
3OAS60_h,0.0
3OAS140_h,0.0
3OAS80_h,0.0
3OAS180_h,0.0
3OAS160_h,-5.92368503177329e-16
CHRS_h,0.10300230819106207
ADCS_c,0.0
CMS_h,0.0708215600928072
FUMAC_c,0.0
HGNTOR_c,0.0
ASADH_h,0.2016817805247976
ASPK_h,0.2016817805247976
PRAIC_c,-0.006576317186031709
PRAIS_c,0.006576317186031709
MTRI_c,-6.856114116983423e-17
MTRK_c,-6.856114116983423e-17
MTAN_m,-6.856114116983423e-17
AGK_h,0.0
3OAS40_h,0.0
PDH_E1b_h,0.09222887906255474
PDH_E1b_m,0.0
PDH_E2_m,0.0
ARGSS_c,0.05505927776172123
ASPCT_c,0.006576317186040681
DHR_c,-0.006576317186040681
NCPA_c,0.0
CAS_c,-3.573080439517435e-18
ATDAM_c,0.0
ADSS_c,0.018638225951344012
GLCNACPT_c,0.0
TMTD_h,0.0
DXR_h,0.0708215600928072
PRFGCL_c,0.006576317186031709
PRFGS_c,0.006576317186031709
LYCBC1_c,-0.005904858842607978
G1SAT_h,-0.05881535764137469
G5DH_c,0.0
GTHS_h,0.0
HDH_c,0.01526896408084464
FACOAL_183_9Z12Z15Z_c,0.0
MPML_h,0.007351919705171836
MPMT_h,-0.007351919705171836
NOR_h,-0.005904858842607978
CYEUOLI_c,3.573080439517435e-18
OBFOLOR_c,3.573080439517435e-18
CMK_h,0.0708215600928072
PPDH_c,0.05875012007265387
PDS1_c,0.005904858842607978
PSY_h,0.005904858842607978
PPBNGD_h,-0.007351919705171836
PPBNGS_h,0.029407678820687344
CPPPGO_h,0.007351919705171836
PPPGO_h,0.007351919705171836
PPRGL_c,0.006576317186031709
IMGPS_c,0.01526896408084464
PRICI_c,0.01526896408084464
PSP_m,0.0
PSPPS_c,3.573080439517435e-18
FBA3_h,2.8950091898637123
SBP_h,2.8950091898637123
OGDH_E2_m,0.6149268305552562
OGDH_E1_m,0.6149268305552562
EPSPS_h,-0.10300230819106207
SQLS_c,3.573080439517435e-18
DAPAT_h,0.056689821111412776
DHPR_h,0.056689821111412776
GLUTL_c,0.05715749633574458
GLUTRR_h,0.05881535764137469
TMTG_h,0.0
PDS2_h,0.005904858842607978
ZDS_h,-0.005904858842607978
METTF_c,0.0
FORA_c,0.0
HEMEASM_m,0.0
MERGTOLR_c,3.573080439517435e-18
PPM_c,-0.0397090031914884
PPM_h,0.0
BETALDH_c,0.0
SSAL2_m,0.0
ARGTL_c,0.05505927776172123
CYSTL_c,0.004803150952583578
GLYTL_m,0.0
HISTL_c,0.01526896408084464
ILETL_c,0.056500223047496315
LEUTL_c,0.0887824533972291
LYSTL_m,0.0
METTL_c,0.018947166520849434
PHETL_m,0.0
PROTL_c,0.08439641818526462
THRTL_c,0.0695445698450391
THRTL_m,0.0
TRPTL_c,0.011287404738571412
TYRTL_c,0.03296478337983678
VALTL_c,0.0735261291873123
VALTL_h,0.0
NADK_h,2.0816681711721685e-17
GLNA_m,0.0
TPTPti_h,2.515180705197718
FUM_m,0.6149268305552562
GLYTA_m,0.0
BCTAV_h,-0.0735261291873123
PGAM_c,0.0
PGAM_m,1.5197222903998129
PDX5PO_c,0.0
PYDXNO_c,0.0
PYAM5PO_c,0.0
PYAMOX_c,0.0
PMANM_c,0.0
POAT_c,-0.05875012007265387
GLYTL_c,0.13040554836264415
NADHOR_m,2.8432867173515364
FA160ACPH_h,0.0
GCS_m,0.04113059043487334
FA180ACPH_h,0.0
HGDH_m,0.0
THFAT_m,0.0
EAR181_h,0.0
EAR100_h,0.0
EAR140_h,0.0
EAR80_h,0.0
3HAD40_h,0.0
3HAD181_h,0.0
3HAD120_h,0.0
3HAD100_h,0.0
3HAD60_h,0.0
3HAD140_h,0.0
3HAD80_h,0.0
3HAD160_h,5.92368503177329e-16
ACOATA_h,0.0
ACCOAC_h,-5.92368503177329e-16
3HAD180_h,0.0
EAR180_h,0.0
THD2_c,1.5419125555651643
GLTS_m,0.7540664185001913
CAT_x,0.0
FBP_c,3.2846173518054678
GHMT_c,-0.05472068467892919
SAL_c,0.0
TPI_c,0.9670368163449886
UMPK_c,0.006576317186040681
RPI_h,2.8950091898637123
FUM_c,0.10004211059950709
PGK_c,0.0
MTHFC_c,-0.028421598452908124
MTHFD_c,0.0
CBMK_m,0.06163559494776191
DXPS_h,0.0708215600928072
TALA_c,0.0397090031914884
GGPS_c,0.0
UDPSQS_h,0.0
SO3R_h,0.02375031747343301
RPE_c,0.8876188099620124
TKL1_c,-0.0397090031914884
TKL2_c,0.0
DHAD_4_h,0.1623085825845414
DHAD_5_h,0.056500223047496315
DHFS_c,0.0
NTRIRfx_h,1.6370439208751293
ACOAT_h,0.0
PANTS_m,0.0
FBA_c,-0.9670368163449887
3OAR40_h,0.0
3OAR100_h,0.0
3OAR120_h,0.0
3OAR140_h,0.0
3OAR160_h,-5.92368503177329e-16
3OAR180_h,0.0
3OAR181_h,0.0
3OAR60_h,0.0
3OAR80_h,0.0
AGMT_m,0.0
ANPRT_c,0.011287404738571412
HOXG_c,0.0
CHLPAS_h,0.005895672337985844
TRPS1_c,0.011287404738571412
NPHS_x,0.0
PDH_E2_h,-0.09222887906255474
THRD_c,0.056500223047496315
SERTL_c,0.0879482219159909
ASNTL_c,0.04918173778027028
LYSTL_c,0.05668982111141408
GACT_h,0.0
DHQDH_h,0.10300230819106207
XPK_c,0.9273278131535008
FPK_c,0.0397090031914884
UPP3DC_c,0.007351919705171836
NPDPS_m,0.0
CYSS_m,0.0
DHPS_c,0.0
IMPHL_1_h,0.0887824533972291
IMPHL_2_h,0.0887824533972291
ASL_c,0.05505927776172123
HMBDPO_h,0.0708215600928072
MPBQMT_h,0.0
TRPS2_c,0.0
ACN_a_m,-0.947268526644589
ACN_b_m,0.947268526644589
EX_photon_e,-100.4259994374514
PHOt_e,100.4259994374514
PHOt_h,100.4259994374514
PSII_u,12.63717057186661
CBFC_u,25.57434114373322
PSI_u,24.93498261513989
ATPS_h,32.181694869086
GLCt_e,0.0
GLCt_x,0.0
GLK_c,5.92368503177329e-16
PFK_c,0.0
TPI_m,0.0
PGK_m,-1.5197222903998129
PGAM_h,0.20600461638212414
PYK_h,0.0
PPTPt_x,0.0
TPTPt_m,1.5197222903998129
PYRNAt_h,0.7940039685228881
MPCt_m,-0.7940039685228881
PGL_c,0.8876188099620124
6PGTt_m,0.0
EDD_h,0.0
EDA_m,0.0
RUBISC_h,8.788029877782199
ACK_c,0.9670368163449892
PYC_h,1.55836101466617
ICL_x,0.019768289700410124
ARG_m,0.0
GLUDH_c,-0.2070259781328449
GLUDH2_m,0.0
GLUSA_m,-0.13945569594698587
P5CDH_m,-0.13945569594698587
PRODH_m,-7.671223560634663e-15
ORNC_c,0.08439641818526462
AGAS_h,0.0
AGPR_h,0.0
UREASE_m,0.0
GLUSA_c,0.0
G5K_c,0.0
PRO4H_c,0.0
SERA_m,0.0
PSAT_m,0.0
THRA_c,0.0
ASPK_c,0.0
HSDH_m,0.018947166520849434
HSDH_h,0.1260447928925354
HSK_h,0.1260447928925354
THRS_c,0.1260447928925354
THRS_h,0.0
DHPS_h,0.056689821111412776
DAPDC_h,0.056689821111412776
APSK_h,0.023750317473423654
PAPSR_h,0.02375031747343301
HSAT_m,0.018947166520849434
AHSAL_c,0.018947166520849434
CBS_c,0.0
CGL_c,0.0
SHL_c,0.004803150952583578
ASNAL_c,0.0
ASNA_c,0.0
PRAS_c,0.01526896408084464
PRADP_c,0.01526896408084464
PRAMPCH_c,0.01526896408084464
IGPDH_c,0.01526896408084464
IAPTA_c,0.01526896408084464
HPP_c,0.01526896408084464
ALPL_h,0.1623085825845414
POXAAT_h,0.056500223047496315
BCTAI_h,0.056500223047496315
BCTAL_h,0.0
DHSR_h,0.10300230819106207
SKMK_h,0.10300230819106207
PPHTA_h,0.0
ARODH_h,0.0
PHEH_c,0.0
HTHBDH_m,0.0
THBPOX_m,0.0
CHRL_h,0.011287404738571412
PRAI_c,0.011287404738571412
IGPS_c,0.011287404738571412
GTPCH_c,0.0
PTPS_c,0.0
SR_c,0.0
BACCL_m,0.0
ACP1619ZD9DS_h,0.0
ACP1819ZD9DS_h,0.0
FA161d9ACPH_h,0.0
FA181d9ACPH_h,0.0
BACCL_c,0.0
ACCOAC_c,-2.5697678966156253e-15
FACOAL_140_c,0.0
FACOAL_161_9Z_c,5.92368503177329e-16
FACOAL_162_9Z12Z_c,0.0
FACOAL_163_6Z9Z12Z_c,0.0
G3PDH_c,-6.856114116983423e-17
ETHAK_c,0.0
ETHAt_c,0.0
PETHMT_c,0.0
PETHDMT_c,0.0
PETHTMT_c,0.0
PCHOLCT_c,0.0
MI3PP_c,0.0
MI3PP_h,0.0
MI3PP_m,0.0
G1PUT_c,0.0
G1PUT_h,5.92368503177329e-16
UGP_PGM_c,0.0
FCYTOB5OXR_c,1.3712228233966846e-16
FCYTOB5OXR_m,0.0
COA181_9Z_9DS_c,0.0
FACOAL205_c,0.0
FACOAL226_c,0.0
G3PAT1619Z_c,0.0
G3PAT1819Z_c,0.0
G3PAT2055Z8Z11Z14Z17Z_c,-6.856114116983423e-17
G3PAT2264Z7Z10Z13Z16Z19Z_c,0.0
AGPATCOA_HDE_MYRS_c,0.0
AGPATCOA_HDE_PALM_c,-2.609997987715212e-17
AGPATCOA_HDE_HDE_c,5.92368503177329e-16
AGPATCOA_HDE_STC_c,-5.92368503177329e-16
AGPATCOA_HDE_OLE_c,0.0
AGPATCOA_HDE_EPA_c,2.609997987715212e-17
AGPATCOA_HDE_DHA_c,0.0
AGPATCOA_OLE_MYRS_c,0.0
AGPATCOA_OLE_PALM_c,-1.1102230246251634e-16
AGPATCOA_OLE_HDE_c,0.0
AGPATCOA_OLE_STC_c,0.0
AGPATCOA_OLE_OLE_c,1.1102230246251634e-16
AGPATCOA_OLE_EPA_c,0.0
AGPATCOA_OLE_DHA_c,0.0
AGPATCOA_EPA_MYRS_c,-5.92368503177329e-16
AGPATCOA_EPA_PALM_c,0.0
AGPATCOA_EPA_HDE_c,0.0
AGPATCOA_EPA_STC_c,0.0
AGPATCOA_EPA_OLE_c,0.0
AGPATCOA_EPA_EPA_c,4.246116129268211e-17
AGPATCOA_EPA_DHA_c,0.0
AGPATCOA_DHA_MYRS_c,0.0
AGPATCOA_DHA_PALM_c,0.0
AGPATCOA_DHA_HDE_c,0.0
AGPATCOA_DHA_STC_c,0.0
AGPATCOA_DHA_OLE_c,0.0
AGPATCOA_DHA_EPA_c,0.0
AGPATCOA_DHA_DHA_c,0.0
PAPA_HDE_PALM_c,-2.609997987715212e-17
PAPA_HDE_HDE_c,5.92368503177329e-16
PAPA_HDE_STC_c,0.0
PAPA_HDE_OLE_c,0.0
PAPA_HDE_EPA_c,0.0
PAPA_HDE_DHA_c,0.0
PAPA_OLE_PALM_c,-1.1102230246251634e-16
PAPA_OLE_HDE_c,0.0
PAPA_OLE_STC_c,0.0
PAPA_OLE_OLE_c,0.0
PAPA_OLE_EPA_c,0.0
PAPA_OLE_DHA_c,0.0
PAPA_EPA_PALM_c,0.0
PAPA_EPA_HDE_c,0.0
PAPA_EPA_STC_c,0.0
PAPA_EPA_OLE_c,0.0
PAPA_EPA_EPA_c,0.0
PAPA_EPA_DHA_c,0.0
PAPA_DHA_PALM_c,0.0
PAPA_DHA_HDE_c,0.0
PAPA_DHA_STC_c,0.0
PAPA_DHA_OLE_c,0.0
PAPA_DHA_EPA_c,0.0
PAPA_DHA_DHA_c,0.0
CHOPT_HDE_PALM_c,0.0
CHOPT_HDE_HDE_c,0.0
CHOPT_HDE_STC_c,0.0
CHOPT_HDE_OLE_c,1.1102230246251634e-16
CHOPT_HDE_EPA_c,0.0
CHOPT_HDE_DHA_c,0.0
CHOPT_EPA_PALM_c,0.0
CHOPT_EPA_HDE_c,0.0
CHOPT_EPA_STC_c,-1.1102230246251634e-16
CHOPT_EPA_OLE_c,0.0
CHOPT_EPA_EPA_c,0.0
CHOPT_EPA_DHA_c,0.0
PCD12DS_HDE_LNA_sn2_c,0.0
PCD12DS_EPA_LNA_sn2_c,0.0
PCD6DS_HDE_GLNA_sn2_c,0.0
PCD6DS_EPA_GLNA_sn2_c,-1.3712228233966846e-16
PCW3DS_HDE_ALNA_sn2_c,0.0
PCW3DS_EPA_ALNA_sn2_c,0.0
PCD6DS_HDE_STA_sn2_c,0.0
PCD6DS_EPA_STA_sn2_c,1.3712228233966846e-16
PCW3DS_HDE_STA_sn2_c,0.0
PCW3DS_EPA_STA_sn2_c,-1.3712228233966846e-16
FAC160t_c,0.0
FAC1819Zt_c,0.0
FAC1619Zt_c,1.184737006354658e-15
FAC180t_c,0.0
FAC140t_c,5.92368503177329e-16
FAC2055Z8Z11Z14Z17Zt_c,0.0
FAC1636Z9Z12Zt_c,0.0
FAC1646Z9Z12Z15Zt_c,0.0
FACOAL_184_6Z9Z12Z15Z_c,0.0
FACOAL_200_c,0.0
FACOAL_220_c,0.0
FACOAL_240_c,6.856114116983423e-17
PLA2PC_HDE_STA_c,0.0
PLA2PC_EPA_STA_c,0.0
PLA2PC_HDE_GLNA_c,0.0
PLA2PC_EPA_GLNA_c,0.0
3OAS200_c,-1.2506033777228956e-15
3OAR200_c,-1.2506033777228956e-15
3HAD200_c,-1.2506033777228956e-15
EAR200_c,-1.2506033777228956e-15
3OAS220_c,-1.2506033777228956e-15
3OAR220_c,-1.2506033777228956e-15
3HAD220_c,-1.2506033777228956e-15
EAR220_c,-6.856114116983423e-17
3OAS240_c,-6.856114116983423e-17
3OAR240_c,-6.856114116983423e-17
3HAD240_c,-6.856114116983423e-17
EAR240_c,-6.856114116983423e-17
ELO6ETA_c,0.0
ELO6DGLA_c,0.0
LPCAT_HDE_ETA_sn2_c,0.0
LPCAT_HDE_DGLA_sn2_c,0.0
LPCAT_EPA_ETA_sn2_c,0.0
LPCAT_EPA_DGLA_sn2_c,0.0
PCW3DS_HDE_ETA_sn2_c,0.0
PCW3DS_EPA_ETA_sn2_c,0.0
PCD5DS_HDE_ARA_sn2_c,0.0
PCD5DS_EPA_ARA_sn2_c,0.0
PCD5DS_HDE_EPA_sn2_c,0.0
PCD5DS_EPA_EPA_sn2_c,0.0
PCW3DS_HDE_EPA_sn2_c,1.1102230246251634e-16
PCW3DS_EPA_EPA_sn2_c,-1.1102230246251634e-16
PLA2PC_HDE_EPA_c,0.0
PLA2PC_EPA_EPA_c,0.0
ELO5DPA_c,0.0
LPCAT_HDE_DPA_sn2_c,0.0
LPCAT_EPA_DPA_sn2_c,0.0
PCD4DS_HDE_DHA_sn2_c,0.0
PCD4DS_EPA_DHA_sn2_c,0.0
PLDPC_HDE_PALM_c,0.0
PLDPC_HDE_HDE_c,0.0
PLDPC_HDE_STC_c,5.92368503177329e-16
PLDPC_HDE_OLE_c,0.0
PLDPC_HDE_EPA_c,1.1102230246251634e-16
PLDPC_HDE_DHA_c,0.0
PLDPC_EPA_PALM_c,0.0
PLDPC_EPA_HDE_c,0.0
PLDPC_EPA_STC_c,0.0
PLDPC_EPA_OLE_c,0.0
PLDPC_EPA_EPA_c,-1.1102230246251634e-16
PLDPC_EPA_DHA_c,0.0
PLDPC_HDE_LNA_c,0.0
PLDPC_LNA_LNA_c,0.0
PLDPC_EPA_LNA_c,0.0
PLDPC_HDE_GLNA_c,0.0
PLDPC_EPA_GLNA_c,0.0
PLDPC_HDE_ALNA_c,0.0
PLDPC_EPA_ALNA_c,0.0
PLDPC_HDE_ARA_c,0.0
PLDPC_EPA_ARA_c,0.0
PAPA_HDE_LNA_c,0.0
PAPA_LNA_LNA_c,0.0
PAPA_EPA_LNA_c,0.0
PAPA_HDE_GLNA_c,0.0
PAPA_EPA_GLNA_c,0.0
PAPA_HDE_ALNA_c,0.0
PAPA_EPA_ALNA_c,0.0
PAPA_HDE_ARA_c,0.0
PAPA_EPA_ARA_c,0.0
CDPDAGS_HDE_PALM_c,0.0
DAGK_HDE_PALM_c,0.0
DAGK_HDE_HDE_c,0.0
DAGK_HDE_STC_c,0.0
DAGK_HDE_OLE_c,0.0
DAGK_HDE_EPA_c,-1.3712228233966846e-16
DAGK_HDE_DHA_c,0.0
DAGK_OLE_PALM_c,0.0
DAGK_OLE_HDE_c,0.0
DAGK_OLE_STC_c,0.0
DAGK_OLE_OLE_c,-1.1102230246251634e-16
DAGK_OLE_EPA_c,0.0
DAGK_OLE_DHA_c,0.0
DAGK_EPA_PALM_c,0.0
DAGK_EPA_HDE_c,0.0
DAGK_EPA_STC_c,0.0
DAGK_EPA_OLE_c,0.0
DAGK_EPA_EPA_c,6.856114116983423e-17
DAGK_EPA_DHA_c,0.0
DAGK_DHA_PALM_c,0.0
DAGK_DHA_HDE_c,0.0
DAGK_DHA_STC_c,0.0
DAGK_DHA_OLE_c,0.0
DAGK_DHA_EPA_c,0.0
DAGK_DHA_DHA_c,0.0
DAGK_HDE_LNA_c,0.0
DAGK_LNA_LNA_c,6.856114116983423e-17
DAGK_EPA_LNA_c,1.1102230246251634e-16
DAGK_HDE_GLNA_c,0.0
DAGK_EPA_GLNA_c,0.0
DAGK_HDE_ALNA_c,0.0
DAGK_EPA_ALNA_c,0.0
DAGK_HDE_ARA_c,0.0
DAGK_EPA_ARA_c,0.0
ETHAPT_EPA_EPA_c,0.0
CDIPT_HDE_PALM_c,0.0
CHOLt_m,0.0
CHOLK_m,0.0
PCHOLt_m,0.0
PIP4K_HDE_PALM_c,0.0
PIP3K_HDE_PALM_c,0.0
PIP3P_HDE_PALM_c,0.0
IPMK_c,0.0
IP52K_c,0.0
PLDPE_EPA_EPA_c,0.0
FACOAL_204_5Z8Z11Z14Z_c,0.0
PLA2PC_HDE_PALM_c,0.0
PLA2PC_HDE_HDE_c,0.0
PLA2PC_HDE_STC_c,-5.92368503177329e-16
PLA2PC_HDE_OLE_c,0.0
PLA2PC_HDE_DHA_c,0.0
PLA2PC_EPA_PALM_c,1.3218592886943264e-15
PLA2PC_EPA_HDE_c,0.0
PLA2PC_EPA_STC_c,-1.1102230246251634e-16
PLA2PC_EPA_OLE_c,0.0
PLA2PC_EPA_DHA_c,0.0
PLA2PC_HDE_LNA_c,0.0
PLA2PC_LNA_LNA_c,0.0
PLA2PC_EPA_LNA_c,1.3712228233966846e-16
PLA2PC_HDE_ALNA_c,1.3712228233966846e-16
PLA2PC_EPA_ALNA_c,-1.3712228233966846e-16
PLA2PC_HDE_ARA_c,0.0
PLA2PC_EPA_ARA_c,0.0
PLA2PE_EPA_EPA_c,0.0
LPCAT_HDE_PALM_sn2_c,0.0
LPCAT_HDE_HDE_sn2_c,0.0
LPCAT_HDE_STC_sn2_c,0.0
LPCAT_HDE_OLE_sn2_c,-1.1102230246251634e-16
LPCAT_HDE_LNA_sn2_c,0.0
LPCAT_HDE_ALNA_sn2_c,1.3712228233966846e-16
LPCAT_HDE_GLNA_sn2_c,0.0
LPCAT_HDE_EPA_sn2_c,0.0
LPCAT_HDE_DHA_sn2_c,0.0
LPCAT_HDE_ARA_sn2_c,1.1102230246251634e-16
LPCAT_LNA_LNA_sn2_c,0.0
LPCAT_EPA_PALM_sn2_c,0.0
LPCAT_EPA_HDE_sn2_c,0.0
LPCAT_EPA_STC_sn2_c,0.0
LPCAT_EPA_OLE_sn2_c,0.0
LPCAT_EPA_LNA_sn2_c,0.0
LPCAT_EPA_ALNA_sn2_c,0.0
LPCAT_EPA_GLNA_sn2_c,0.0
LPCAT_EPA_EPA_sn2_c,0.0
LPCAT_EPA_DHA_sn2_c,0.0
LPCAT_EPA_ARA_sn2_c,0.0
LPEAT_EPA_EPA_sn2_c,0.0
LPCH1619Z_sn1_c,-5.92368503177329e-16
LPCH1829Z12Z_sn1_c,0.0
LPCH2055Z8Z11Z14Z17Z_sn1_c,0.0
LPEH2055Z8Z11Z14Z17Z_sn1_c,0.0
GPCGPH_c,-5.92368503177329e-16
GPEGPH_c,0.0
ACOADAGAT_HDE_ARA_ARA_c,0.0
ACOADAGAT_OLE_HDE_OLE_c,0.0
ACOADAGAT_OLE_PALM_PALM_c,1.3218592886943264e-15
ACOADAGAT_DHA_EPA_ARA_c,-1.1102230246251634e-16
ACOADAGAT_DHA_EPA_DHA_c,0.0
ACOADAGAT_OLE_EPA_DHA_c,0.0
ACOADAGAT_HDE_PALM_LNA_c,0.0
ACOADAGAT_OLE_PALM_HDE_c,0.0
ACOADAGAT_HDE_ARA_PALM_c,0.0
ACOADAGAT_HDE_HDE_GLNA_c,0.0
ACOADAGAT_HDE_HDE_LNA_c,0.0
ACOADAGAT_OLE_HDE_HDE_c,0.0
ACOADAGAT_HDE_ARA_HDE_c,0.0
ACOADAGAT_HDE_EPA_GLNA_c,0.0
ACOADAGAT_HDE_EPA_ARA_c,0.0
ACOADAGAT_HDE_EPA_DHA_c,0.0
ACOADAGAT_HDE_EPA_LNA_c,0.0
ACOADAGAT_HDE_EPA_OLE_c,0.0
ACOADAGAT_EPA_EPA_LNA_c,0.0
ACOADAGAT_EPA_EPA_GLNA_c,0.0
ACOADAGAT_EPA_EPA_DHA_c,0.0
ACOADAGAT_OLE_EPA_EPA_c,0.0
ACOADAGAT_HDE_EPA_PALM_c,0.0
ACOADAGAT_EPA_EPA_PALM_c,0.0
ACOADAGAT_HDE_EPA_HDE_c,0.0
ACOADAGAT_HDE_HDE_HDE_c,0.0
ACOADAGAT_HDE_EPA_EPA_c,0.0
ACOADAGAT_EPA_EPA_ARA_c,0.0
ACOADAGAT_EPA_EPA_EPA_c,0.0
PLDAGAT_HDE_ARA_ARA_PC_3_c,0.0
PLDAGAT_HDE_ARA_ARA_PC_7_c,0.0
PLDAGAT_OLE_HDE_OLE_PC_3_c,0.0
PLDAGAT_OLE_HDE_OLE_PC_6_c,0.0
PLDAGAT_OLE_PALM_PALM_PC_3_c,0.0
PLDAGAT_OLE_PALM_PALM_PC_6_c,-1.3218592886943264e-15
PLDAGAT_DHA_EPA_ARA_PC_3_c,0.0
PLDAGAT_DHA_EPA_ARA_PC_7_c,1.1102230246251634e-16
PLDAGAT_DHA_EPA_DHA_PC_3_c,0.0
PLDAGAT_DHA_EPA_DHA_PC_6_c,0.0
PLDAGAT_OLE_EPA_DHA_PC_3_c,0.0
PLDAGAT_OLE_EPA_DHA_PC_6_c,0.0
PLDAGAT_HDE_PALM_LNA_PC_3_c,0.0
PLDAGAT_HDE_PALM_LNA_PC_5_c,0.0
PLDAGAT_HDE_PALM_LNA_PC_7_c,0.0
PLDAGAT_OLE_PALM_HDE_PC_3_c,0.0
PLDAGAT_OLE_PALM_HDE_PC_6_c,0.0
PLDAGAT_HDE_ARA_PALM_PC_3_c,0.0
PLDAGAT_HDE_ARA_PALM_PC_6_c,0.0
PLDAGAT_HDE_HDE_GLNA_PC_3_c,0.0
PLDAGAT_HDE_HDE_GLNA_PC_7_c,0.0
PLDAGAT_HDE_HDE_LNA_PC_3_c,0.0
PLDAGAT_HDE_HDE_LNA_PC_5_c,0.0
PLDAGAT_HDE_HDE_LNA_PC_7_c,0.0
PLDAGAT_OLE_HDE_HDE_PC_3_c,0.0
PLDAGAT_OLE_HDE_HDE_PC_6_c,0.0
PLDAGAT_HDE_ARA_HDE_PC_3_c,0.0
PLDAGAT_HDE_ARA_HDE_PC_6_c,0.0
PLDAGAT_HDE_EPA_GLNA_PC_3_c,0.0
PLDAGAT_HDE_EPA_GLNA_PC_7_c,0.0
PLDAGAT_HDE_EPA_ARA_PC_3_c,0.0
PLDAGAT_HDE_EPA_ARA_PC_7_c,0.0
PLDAGAT_HDE_EPA_DHA_PC_3_c,0.0
PLDAGAT_HDE_EPA_DHA_PC_6_c,0.0
PLDAGAT_HDE_EPA_LNA_PC_3_c,0.0
PLDAGAT_HDE_EPA_LNA_PC_5_c,0.0
PLDAGAT_HDE_EPA_LNA_PC_7_c,0.0
PLDAGAT_HDE_EPA_OLE_PC_3_c,0.0
PLDAGAT_HDE_EPA_OLE_PC_6_c,0.0
PLDAGAT_EPA_EPA_LNA_PC_3_c,0.0
PLDAGAT_EPA_EPA_LNA_PC_5_c,0.0
PLDAGAT_EPA_EPA_LNA_PC_7_c,0.0
PLDAGAT_EPA_EPA_GLNA_PC_3_c,0.0
PLDAGAT_EPA_EPA_GLNA_PC_7_c,0.0
PLDAGAT_EPA_EPA_DHA_PC_3_c,0.0
PLDAGAT_EPA_EPA_DHA_PC_6_c,0.0
PLDAGAT_OLE_EPA_EPA_PC_3_c,0.0
PLDAGAT_OLE_EPA_EPA_PC_6_c,0.0
PLDAGAT_OLE_EPA_EPA_PE_14_c,0.0
PLDAGAT_HDE_EPA_PALM_PC_3_c,0.0
PLDAGAT_HDE_EPA_PALM_PC_6_c,0.0
PLDAGAT_EPA_EPA_PALM_PC_3_c,0.0
PLDAGAT_EPA_EPA_PALM_PC_6_c,0.0
PLDAGAT_HDE_EPA_HDE_PC_3_c,0.0
PLDAGAT_HDE_EPA_HDE_PC_6_c,0.0
PLDAGAT_HDE_HDE_HDE_PC_3_c,0.0
PLDAGAT_HDE_HDE_HDE_PC_6_c,0.0
PLDAGAT_HDE_EPA_EPA_PC_3_c,0.0
PLDAGAT_HDE_EPA_EPA_PC_6_c,0.0
PLDAGAT_HDE_EPA_EPA_PE_14_c,0.0
PLDAGAT_EPA_EPA_ARA_PC_3_c,0.0
PLDAGAT_EPA_EPA_ARA_PC_7_c,0.0
PLDAGAT_EPA_EPA_EPA_PC_3_c,0.0
PLDAGAT_EPA_EPA_EPA_PC_6_c,0.0
PLDAGAT_EPA_EPA_EPA_PE_14_c,0.0
TAGAH_HDE_ARA_ARA_c,0.0
TAGAH_OLE_HDE_OLE_c,0.0
TAGAH_OLE_PALM_PALM_c,0.0
TAGAH_DHA_EPA_ARA_c,0.0
TAGAH_DHA_EPA_DHA_c,0.0
TAGAH_OLE_EPA_DHA_c,0.0
TAGAH_HDE_PALM_LNA_c,0.0
TAGAH_OLE_PALM_HDE_c,0.0
TAGAH_HDE_ARA_PALM_c,0.0
TAGAH_HDE_HDE_GLNA_c,0.0
TAGAH_HDE_HDE_LNA_c,0.0
TAGAH_OLE_HDE_HDE_c,0.0
TAGAH_HDE_ARA_HDE_c,0.0
TAGAH_HDE_EPA_GLNA_c,0.0
TAGAH_HDE_EPA_ARA_c,0.0
TAGAH_HDE_EPA_DHA_c,0.0
TAGAH_HDE_EPA_LNA_c,0.0
TAGAH_HDE_EPA_OLE_c,0.0
TAGAH_EPA_EPA_LNA_c,0.0
TAGAH_EPA_EPA_GLNA_c,0.0
TAGAH_EPA_EPA_DHA_c,0.0
TAGAH_OLE_EPA_EPA_c,0.0
TAGAH_HDE_EPA_PALM_c,0.0
TAGAH_EPA_EPA_PALM_c,0.0
TAGAH_HDE_EPA_HDE_c,0.0
TAGAH_HDE_HDE_HDE_c,0.0
TAGAH_HDE_EPA_EPA_c,0.0
TAGAH_EPA_EPA_ARA_c,0.0
TAGAH_EPA_EPA_EPA_c,0.0
DAGAH_HDE_PALM_c,0.0
DAGAH_HDE_HDE_c,0.0
DAGAH_HDE_STC_c,0.0
DAGAH_HDE_OLE_c,-1.1102230246251634e-16
DAGAH_HDE_EPA_c,1.3712228233966846e-16
DAGAH_HDE_DHA_c,0.0
DAGAH_OLE_PALM_c,-1.1102230246251634e-16
DAGAH_OLE_HDE_c,0.0
DAGAH_OLE_STC_c,0.0
DAGAH_OLE_OLE_c,1.1102230246251634e-16
DAGAH_OLE_EPA_c,0.0
DAGAH_OLE_DHA_c,0.0
DAGAH_EPA_PALM_c,0.0
DAGAH_EPA_HDE_c,0.0
DAGAH_EPA_STC_c,1.1102230246251634e-16
DAGAH_EPA_OLE_c,0.0
DAGAH_EPA_EPA_c,0.0
DAGAH_EPA_DHA_c,0.0
DAGAH_DHA_PALM_c,0.0
DAGAH_DHA_HDE_c,0.0
DAGAH_DHA_STC_c,0.0
DAGAH_DHA_OLE_c,0.0
DAGAH_DHA_EPA_c,0.0
DAGAH_DHA_DHA_c,0.0
DAGAH_HDE_LNA_c,0.0
DAGAH_LNA_LNA_c,-6.856114116983423e-17
DAGAH_EPA_LNA_c,-1.1102230246251634e-16
DAGAH_HDE_GLNA_c,0.0
DAGAH_EPA_GLNA_c,0.0
DAGAH_HDE_ALNA_c,0.0
DAGAH_EPA_ALNA_c,0.0
DAGAH_HDE_ARA_c,0.0
DAGAH_EPA_ARA_c,0.0
MAGAH1619Z_c,0.0
MAGAH1819Z_c,0.0
MAGAH2055Z8Z11Z14Z17Z_c,0.0
MAGAH2264Z7Z10Z13Z16Z19Z_c,0.0
MAGAH1829Z12Z_c,-6.856114116983423e-17
PLA2PA_EPA_MYRS_c,-5.92368503177329e-16
PLA2PA_EPA_PALM_c,0.0
PLA2PA_EPA_HDE_c,0.0
PLA2PA_EPA_STC_c,0.0
PLA2PA_EPA_OLE_c,0.0
PLA2PA_EPA_EPA_c,0.0
PLA2PA_EPA_DHA_c,0.0
PLA2PA_EPA_LNA_c,1.1102230246251634e-16
PLA2PA_EPA_GLNA_c,0.0
PLA2PA_EPA_ALNA_c,0.0
PLA2PA_EPA_ARA_c,0.0
EPALPAt_h,0.0
G3PAT140_h,0.0
G3PAT160_h,0.0
G3PAT1619Z_h,0.0
AGPATACP_MYRS_PALM_h,0.0
AGPATACP_MYRS_HDE_h,0.0
AGPATACP_PALM_PALM_h,0.0
AGPATACP_HDE_PALM_h,0.0
AGPATACP_HDE_HDE_h,0.0
AGPATACP_EPA_PALM_h,0.0
AGPATACP_EPA_HDE_h,0.0
PAPA_MYRS_PALM_h,0.0
PAPA_MYRS_HDE_h,0.0
PAPA_HDE_PALM_h,0.0
PAPA_HDE_HDE_h,0.0
PAPA_EPA_PALM_h,0.0
PAPA_EPA_HDE_h,0.0
GALE_h,5.92368503177329e-16
MGDGS_HDE_PALM_h,0.0
MGDGS_HDE_HDE_h,5.92368503177329e-16
MGDGS_EPA_HDE_h,0.0
MGDGD12DS_HDE_HDDE_sn2_h,0.0
MGDGD12DS_EPA_HDDE_sn2_h,0.0
MGDGD6DS_HDE_HDTE_sn2_h,0.0
MGDGD6DS_EPA_HDTE_sn2_h,0.0
MGDGD15DS_EPA_HDTTE_sn2_h,0.0
DGDGS_EPA_HDE_h,0.0
DGDGS_EPA_HDDE_h,0.0
SQDGS_MYRS_PALM_h,0.0
SQDGS_MYRS_HDE_h,0.0
SQDGS_HDE_PALM_h,0.0
SQDGS_EPA_PALM_h,0.0
CDPDAGS_HDE_PALM_h,0.0
CDPDAGS_EPA_PALM_h,0.0
PGPS_PALM_PALM_m,0.0
PGPS_HDE_PALM_h,0.0
PGPS_EPA_PALM_h,0.0
PGPP_HDE_PALM_h,0.0
PGPP_EPA_PALM_h,0.0
PGD3TDS_EPA_HDE3T_h,0.0
GGGT_EPA_HDE_3_h,0.0
GGGT_EPA_HDE_4_h,0.0
GGGT_EPA_HDE_8_h,0.0
GGGT_EPA_HDDE_3_h,0.0
GGGT_EPA_HDDE_4_h,0.0
GGGT_EPA_HDDE_8_h,0.0
AACPDAGAT_HDE_PALM_OLE_h,0.0
AACPDAGAT_HDE_HDE_PALM_h,-5.92368503177329e-16
AACPDAGAT_HDE_HDE_HDE_h,0.0
AACPDAGAT_HDE_HDE_OLE_h,0.0
MGDGH_HDE_PALM_h,0.0
MGDGH_HDE_HDE_h,5.92368503177329e-16
MGDGH_EPA_HDE_h,0.0
MGDGH_HDE_HDDE_h,0.0
MGDGH_EPA_HDDE_h,0.0
MGDGH_HDE_HDTE_h,0.0
MGDGH_EPA_HDTE_h,0.0
MGDGH_EPA_HDTTE_h,0.0
DGDGH_EPA_HDE_h,0.0
DGDGH_EPA_HDDE_h,0.0
FACOAL_164_6Z9Z12Z15Z_c,0.0
ACOADAGAT_HDE_DHA_HDTTE_c,0.0
ACOADAGAT_DHA_EPA_HDTTE_c,0.0
ACOADAGAT_HDE_EPA_HDTTE_c,0.0
ACOADAGAT_EPA_EPA_HDTTE_c,0.0
ACOADAGAT_HDE_EPA_HDTE_c,0.0
ACOADAGAT_EPA_EPA_HDTE_c,0.0
G3MGt_c,5.92368503177329e-16
G3DG_tc,0.0
G3DGGH_c,0.0
G3MGGH_c,5.92368503177329e-16
GALE_c,-5.92368503177329e-16
FAC200_tx,0.0
FAC204_tx,0.0
FAC205_tx,1.3712228233966846e-16
FAC220_tx,0.0
FAC226_tx,0.0
FAC240_tx,-6.856114116983423e-17
FACOAL_C200_x,0.0
FACOAL_C204_x,0.0
FACOAL_C205_x,1.3712228233966846e-16
FACOAL_C220_x,0.0
FACOAL_C226_x,0.0
FACOAL_C240_x,-6.856114116983423e-17
ACOAOX240_x,-6.856114116983423e-17
ECH241_2E_x,-6.856114116983423e-17
HADH240_x,-6.856114116983423e-17
KAT240_x,-6.856114116983423e-17
ACOAOX220_x,-6.856114116983423e-17
ECH221_2E_x,-6.856114116983423e-17
HADH220_x,-6.856114116983423e-17
KAT220_x,-6.856114116983423e-17
ACOAOX200_x,-6.856114116983423e-17
ECH201_2E_x,-6.856114116983423e-17
HADH200_x,-6.856114116983423e-17
KAT200_x,-6.856114116983423e-17
ACOAOX180_x,-6.856114116983423e-17
ECH181_2E_x,-6.856114116983423e-17
HADH180_x,-6.856114116983423e-17
KAT180_x,-6.856114116983423e-17
ACOAOX160_x,-6.856114116983423e-17
ECH161_2E_x,-6.856114116983423e-17
HADH160_x,-6.856114116983423e-17
KAT160_x,-6.856114116983423e-17
ACOAOX140_x,-6.856114116983423e-17
ECH141_2E_x,-6.856114116983423e-17
HADH140_x,-6.856114116983423e-17
KAT140_x,-6.856114116983423e-17
ACOAOX120_x,-6.856114116983423e-17
ECH121_2E_x,-6.856114116983423e-17
HADH120_x,-6.856114116983423e-17
KAT120_x,-6.856114116983423e-17
ACOAOX100_x,-6.856114116983423e-17
ECH101_2E_x,-6.856114116983423e-17
HADH100_x,-6.856114116983423e-17
KAT100_x,-6.856114116983423e-17
ACOAOX204_5Z8Z11Z14Z_x,0.0
ECH205_2E5Z8Z11Z14Z_x,0.0
HADH204_3H5Z8Z11Z14Z_x,0.0
KAT204_3OXO5Z8Z11Z14Z_x,0.0
ECOAI184_3Z6Z9Z12Z_x,0.0
ECH184_2E6Z9Z12Z_x,0.0
HADH183_3H6Z9Z12Z_x,0.0
KAT183_3OXO6Z9Z12Z_x,0.0
ACOAOX163_4Z7Z10Z_x,0.0
DECOAR164_2E4Z7Z10Z_x,0.0
ECOAI163_3E7Z10Z_x,0.0
ECH163_2E7Z10Z_x,0.0
HADH162_3H7Z10Z_x,0.0
KAT162_3OXO7Z10Z_x,0.0
ACOAOX142_5Z8Z_x,0.0
ECH143_2E5Z8Z_x,0.0
HADH142_3H5Z8Z_x,0.0
KAT142_3OXO5Z8Z_x,0.0
ECOAI122_3Z6Z_x,0.0
ECH122_2E6Z_x,0.0
HADH121_3H6Z_x,0.0
KAT121_3OXO6Z_x,0.0
ACOAOX101_4Z_x,0.0
DECOAR102_2E4Z_x,0.0
ECOAI101_3E_x,0.0
ACOAOX205_5Z8Z11Z14Z17Z_x,1.3712228233966846e-16
ECH206_2E5Z8Z11Z14Z17Z_x,1.3712228233966846e-16
HADH205_3H5Z8Z11Z14Z17Z_x,1.3712228233966846e-16
KAT205_3OXO5Z8Z11Z14Z17Z_x,1.3712228233966846e-16
ECOAI185_3Z6Z9Z12Z15Z_x,1.3712228233966846e-16
ECH185_2E6Z9Z12Z15Z_x,1.3712228233966846e-16
HADH184_3H6Z9Z12Z15Z_x,1.3712228233966846e-16
KAT184_3OXO6Z9Z12Z15Z_x,1.3712228233966846e-16
ACOAOX164_4Z7Z10Z13Z_x,1.3712228233966846e-16
DECOAR165_2E4Z7Z10Z13Z_x,1.3712228233966846e-16
ECOAI164_3E7Z10Z13Z_x,1.3712228233966846e-16
ECH164_2E7Z10Z13Z_x,1.3712228233966846e-16
HADH163_3H7Z10Z13Z_x,1.3712228233966846e-16
KAT163_3OXO7Z10Z13Z_x,1.3712228233966846e-16
ACOAOX143_5Z8Z11Z_x,1.3712228233966846e-16
ECH144_2E5Z8Z11Z_x,1.3712228233966846e-16
HADH143_3H5Z8Z11Z_x,1.3712228233966846e-16
KAT143_3OXO5Z8Z11Z_x,1.3712228233966846e-16
ECOAI123_3Z6Z9Z_x,1.3712228233966846e-16
ECH123_2E6Z9Z_x,1.3712228233966846e-16
HADH122_3H6Z9Z_x,1.3712228233966846e-16
KAT122_3OXO6Z9Z_x,1.3712228233966846e-16
ACOAOX102_4Z7Z_x,1.3712228233966846e-16
DECOAR103_2E4Z7Z_x,1.3712228233966846e-16
ECOAI102_3E7Z_x,1.3712228233966846e-16
ECH102_2E7Z_x,1.3712228233966846e-16
HADH101_3H7Z_x,1.3712228233966846e-16
KAT101_3OXO7Z_x,1.3712228233966846e-16
ACOAOX226_4Z7Z10Z13Z16Z19Z_x,0.0
DECOAR227_2E4Z7Z10Z13Z16Z19Z_x,0.0
ECOAI226_3E7Z10Z13Z16Z19Z_x,0.0
ECH226_2E7Z10Z13Z16Z19Z_x,0.0
HADH225_3H7Z10Z13Z16Z19Z_x,0.0
KAT225_3OXO7Z10Z13Z16Z19Z_x,0.0
PEROX_x,0.0
CATCAC_x,0.0
CATCOC_x,-6.856114116983423e-17
CATC5ZOC_x,1.3712228233966846e-16
TMLT_c,0.0
TMLt_m,0.0
TMLOX_m,0.0
HMDHPS_c,0.0
ADCL_c,0.0
HPPK_c,0.0
MTHF3ES_c,0.0
HTMLA_m,0.0
TMABDH1_m,0.0
GBBOX_m,0.0
ACCARNt_c,0.0
OCTCARN_tc,-6.856114116983423e-17
OCT5ZCARN_tc,1.3712228233966846e-16
CATC1819Z_c,0.0
CATC160_c,-1.184737006354658e-15
CATC180_c,1.2506033777228956e-15
CATC1829Z12Z_c,1.3712228233966846e-16
CATC1836Z9Z12Z_c,0.0
CATC1839Z12Z15Z_c,-1.3712228233966846e-16
CATC140_c,5.92368503177329e-16
CATC1619Z_c,0.0
CATC1629Z12Z_c,0.0
CATC1636Z9Z12Z_c,0.0
CATC1646Z9Z12Z15Z_c,0.0
CARNACt_m,0.01894716652084099
CARN80t_m,-6.856114116983423e-17
CARN815t_m,1.3712228233966846e-16
CARN1819Zt_m,0.0
CARN160t_m,-1.184737006354658e-15
CARN180t_m,1.2506033777228956e-15
CARN1829Z12Zt_m,1.3712228233966846e-16
CARN1836Z9Z12Zt_m,0.0
CARN1839Z12Z15Zt_m,-1.3712228233966846e-16
CARN140t_m,5.92368503177329e-16
CARN1619Zt_m,0.0
CARN1629Z12Zt_m,0.0
CARN1636Z9Z12Zt_m,0.0
CARN1646Z9Z12Z15Zt_m,0.0
CAT2AC_m,0.01894716652084099
CAT280_m,-6.856114116983423e-17
CAT2815_m,1.3712228233966846e-16
CAT21819Z_m,0.0
CAT2160_m,-1.184737006354658e-15
CAT2180_m,1.2506033777228956e-15
CAT21829Z12Z_m,1.3712228233966846e-16
CAT21836Z9Z12Z_m,0.0
CAT21839Z12Z15Z_m,-1.3712228233966846e-16
CAT2140_m,5.92368503177329e-16
CAT21619Z_m,0.0
CAT21629Z12Z_m,0.0
CAT21636Z9Z12Z_m,0.0
CAT21646Z9Z12Z15Z_m,0.0
G3PDH_m,0.0
ACOADH180_m,1.2506033777228956e-15
ECH181_2E_m,1.2506033777228956e-15
HADH180_m,1.2506033777228956e-15
KAT180_m,1.2506033777228956e-15
ACOADH160_m,0.0
ECH161_2E_m,6.582348745455667e-16
HADH160_m,6.582348745455667e-16
KAT160_m,6.582348745455667e-16
ACOADH140_m,1.2506033777228956e-15
ECH141_2E_m,1.2506033777228956e-15
HADH140_m,1.2506033777228956e-15
KAT140_m,1.2506033777228956e-15
ACOADH120_m,1.2506033777228956e-15
ECH121_2E_m,1.2506033777228956e-15
HADH120_m,1.2506033777228956e-15
KAT120_m,1.2506033777228956e-15
ACOADH100_m,1.2506033777228956e-15
ECH101_2E_m,1.3877256600625641e-15
HADH100_m,1.3877256600625641e-15
KAT100_m,1.3877256600625641e-15
ACOADH80_m,1.306676009615352e-15
ECH81_2E_m,1.306676009615352e-15
HADH80_m,1.306676009615352e-15
KAT80_m,1.306676009615352e-15
ACOADH60_m,1.306676009615352e-15
ECH61_2E_m,1.306676009615352e-15
HADH60_m,1.306676009615352e-15
KAT60_m,1.306676009615352e-15
ACOADH40_m,1.306676009615352e-15
ECH41_2E_m,0.0
HADH40_m,0.0
ACACT_m,5.716928703227896e-17
ACOADH81_5Z_m,0.0
ECH82_2E5Z_m,0.0
HADH81_3H5Z_m,0.0
KAT81_3OXO5Z_m,0.0
ECOAI61_3Z_m,0.0
ACOADH181_9Z_m,0.0
ECH182_2E9Z_m,0.0
HADH181_3H9Z_m,0.0
KAT181_3OXO9Z_m,0.0
ACOADH161_7Z_m,0.0
ECH162_2E7Z_m,0.0
HADH161_3H7Z_m,0.0
KAT161_3OXO7Z_m,0.0
ACOADH141_5Z_m,0.0
ECH142_2E5Z_m,0.0
HADH141_3H5Z_m,0.0
KAT141_3OXO5Z_m,0.0
ECOAI121_3Z_m,0.0
ACOADH182_9Z12Z_m,1.3712228233966846e-16
ECH183_2E9Z12Z_m,1.3712228233966846e-16
HADH182_3H9Z12Z_m,1.3712228233966846e-16
KAT182_3OXO9Z12Z_m,1.3712228233966846e-16
ACOADH162_7Z10Z_m,1.3712228233966846e-16
ECH163_2E7Z10Z_m,1.3712228233966846e-16
HADH162_3H7Z10Z_m,1.3712228233966846e-16
KAT162_3OXO7Z10Z_m,1.3712228233966846e-16
ACOADH142_5Z8Z_m,1.3712228233966846e-16
ECH143_2E5Z8Z_m,1.3712228233966846e-16
HADH142_3H5Z8Z_m,1.3712228233966846e-16
KAT142_3OXO5Z8Z_m,1.3712228233966846e-16
ECOAI122_3Z6Z_m,1.3712228233966846e-16
ECH122_2E6Z_m,1.3712228233966846e-16
HADH121_3H6Z_m,1.3712228233966846e-16
KAT121_3OXO6Z_m,1.3712228233966846e-16
ACOADH101_4Z_m,1.3712228233966846e-16
DECOAR102_2E4Z_m,1.3712228233966846e-16
ECOAI101_3E_m,1.3712228233966846e-16
ACOADH183_6Z9Z12Z_m,0.0
ECH184_2E6Z9Z12Z_m,0.0
HADH183_3H6Z9Z12Z_m,0.0
KAT183_3OXO6Z9Z12Z_m,0.0
ACOADH163_4Z7Z10Z_m,0.0
DECOAR164_2E4Z7Z10Z_m,0.0
ECOAI163_3E7Z10Z_m,0.0
ACOADH183_9Z12Z15Z_m,-1.3712228233966846e-16
ECH184_2E9Z12Z15Z_m,-1.3712228233966846e-16
HADH183_3H9Z12Z15Z_m,-1.3712228233966846e-16
KAT183_3OXO9Z12Z15Z_m,-1.3712228233966846e-16
ACOADH163_7Z10Z13Z_m,-1.3712228233966846e-16
ECH164_2E7Z10Z13Z_m,-1.3712228233966846e-16
HADH163_3H7Z10Z13Z_m,-1.3712228233966846e-16
KAT163_3OXO7Z10Z13Z_m,-1.3712228233966846e-16
ACOADH143_5Z8Z11Z_m,-1.3712228233966846e-16
ECH144_2E5Z8Z11Z_m,-1.3712228233966846e-16
HADH143_3H5Z8Z11Z_m,-1.3712228233966846e-16
KAT143_3OXO5Z8Z11Z_m,-1.3712228233966846e-16
ECOAI123_3Z6Z9Z_m,-1.3712228233966846e-16
ECH123_2E6Z9Z_m,-1.3712228233966846e-16
HADH122_3H6Z9Z_m,-1.3712228233966846e-16
KAT122_3OXO6Z9Z_m,-1.3712228233966846e-16
ACOADH102_4Z7Z_m,-1.3712228233966846e-16
DECOAR103_2E4Z7Z_m,-1.3712228233966846e-16
ECOAI102_3E7Z_m,-1.3712228233966846e-16
ECH102_2E7Z_m,-1.3712228233966846e-16
HADH101_3H7Z_m,-1.3712228233966846e-16
KAT101_3OXO7Z_m,-1.3712228233966846e-16
ACOADH161_9Z_m,0.0
ECH162_2E9Z_m,0.0
HADH161_3H9Z_m,0.0
KAT161_3OXO9Z_m,0.0
ACOADH141_7Z_m,0.0
ECH142_2E7Z_m,0.0
HADH141_3H7Z_m,0.0
KAT141_3OXO7Z_m,0.0
ACOADH121_5Z_m,0.0
ECH122_2E5Z_m,0.0
HADH121_3H5Z_m,0.0
KAT121_3OXO5Z_m,0.0
ECOAI101_3Z_m,0.0
ACOADH162_9Z12Z_m,0.0
ECH163_2E9Z12Z_m,0.0
HADH162_3H9Z12Z_m,0.0
KAT162_3OXO9Z12Z_m,0.0
ACOADH142_7Z10Z_m,0.0
ECH143_2E7Z10Z_m,0.0
HADH142_3H7Z10Z_m,0.0
KAT142_3OXO7Z10Z_m,0.0
ACOADH122_5Z8Z_m,0.0
ECH123_2E5Z8Z_m,0.0
HADH122_3H5Z8Z_m,0.0
KAT122_3OXO5Z8Z_m,0.0
ECOAI102_3Z6Z_m,0.0
ECH102_2E6Z_m,0.0
HADH101_3H6Z_m,0.0
KAT101_3OXO6Z_m,0.0
ACOADH81_4Z_m,0.0
DECOAR82_2E4Z_m,0.0
ECOAI81_3E_m,0.0
ACOADH163_6Z9Z12Z_m,0.0
ECH164_2E6Z9Z12Z_m,0.0
HADH163_3H6Z9Z12Z_m,0.0
KAT163_3OXO6Z9Z12Z_m,0.0
ACOADH143_4Z7Z10Z_m,0.0
DECOAR144_2E4Z7Z10Z_m,0.0
ECOAI143_3E7Z10Z_m,0.0
ACOADH164_6Z9Z12Z15Z_m,0.0
ECH165_2E6Z9Z12Z15Z_m,0.0
HADH164_3H6Z9Z12Z15Z_m,0.0
KAT164_3OXO6Z9Z12Z15Z_m,0.0
ACOADH144_4Z7Z10Z13Z_m,0.0
DECOAR145_2E4Z7Z10Z13Z_m,0.0
ECOAI144_3E7Z10Z13Z_m,0.0
ECH144_2E7Z10Z13Z_m,0.0
HADH143_3H7Z10Z13Z_m,0.0
KAT143_3OXO7Z10Z13Z_m,0.0
ACOADH123_5Z8Z11Z_m,0.0
ECH124_2E5Z8Z11Z_m,0.0
HADH123_3H5Z8Z11Z_m,0.0
KAT123_3OXO5Z8Z11Z_m,0.0
ECOAI103_3Z6Z9Z_m,0.0
ECH103_2E6Z9Z_m,0.0
HADH102_3H6Z9Z_m,0.0
KAT102_3OXO6Z9Z_m,0.0
ACOADH82_4Z7Z_m,0.0
DECOAR83_2E4Z7Z_m,0.0
ECOAI82_3E7Z_m,0.0
ECH82_2E7Z_m,0.0
HADH81_3H7Z_m,0.0
KAT81_3OXO7Z_m,0.0
ACOADH61_5Z_m,0.0
ECH62_2E5Z_m,0.0
HADH61_3H5Z_m,0.0
KAT61_3OXO5Z_m,0.0
BUT3ZI_m,0.0
OCACPSST_m,0.0
LIPPT_m,0.0
ACCOAC_m,0.0
MCOATA_m,0.0
ACOATA_m,0.0
3OAS40_m,0.0
3OAR40_m,0.0
3HAD41_m,0.0
EAR40_m,0.0
3OAS60_m,0.0
3OAR60_m,0.0
3HAD61_m,0.0
EAR60_m,0.0
3OAS80_m,0.0
3OAR80_m,0.0
3HAD81_m,0.0
EAR80_m,0.0
3OAS100_m,0.0
3OAR100_m,0.0
3HAD101_m,0.0
EAR100_m,0.0
3OAS120_m,0.0
3OAR120_m,0.0
3HAD121_m,0.0
EAR120_m,0.0
3OAS140_m,0.0
3OAR140_m,0.0
3HAD141_m,0.0
EAR140_m,0.0
3OAS160_m,0.0
3OAR160_m,0.0
3HAD161_m,0.0
EAR160_m,0.0
FA160ACPH_m,0.0
FACOAL_160_m,0.0
G3PAT160_m,0.0
AGPATCOA_PALM_PALM_m,0.0
CDPDAGS_PALM_PALM_m,0.0
PGPP_PALM_PALM_m,0.0
CLS_m,0.0
CLM_m,0.0
ORPRT_c,-0.006576317186040681
UDPH_c,0.0
UTPH_c,0.0
CDPH_c,0.0
CTPH_c,0.0
DTDPH_c,0.0
DTTPH_c,0.0
ATUD_c,0.006576317186041866
ATDUD_c,0.0
ATCD_c,0.0708215600928072
ATDCD_c,0.0
ATDTD_c,0.0
UTPPH_c,0.0
DUTPPH_c,0.0
ATCY_c,0.0
DATCY_c,0.0
DCTCP_c,0.0
GTCY_c,0.0
ITCY_c,0.0
UTCY_c,0.0
AUPT_c,0.0
DATUP_c,0.0
DUTUP_c,0.0
GTUP_c,0.0
ITUP_c,0.0
UTUP_c,0.0
UMPP_c,0.0
CMP_c,0.0
NTD1_c,0.0
TPH_c,0.0
YUMPS_c,0.0
UPRT_c,0.0
CSDA_c,0.0
5MCSDA_c,0.0
DCMAH_c,0.0
DURIPP_c,0.0
TMDPP_c,0.0
DHRDH_c,0.006576317186040681
ATCM_c,0.0708215600928072
ATDCM_c,0.0
PRDPAR_c,0.006576317186031709
FPGFT_c,0.006576317186031709
AAL(fum)_c,0.018638225951344012
AIAL_c,0.006576317186031709
APPRT_c,0.007351919705171566
GPAR_c,-0.047060922896660036
FPAIF_c,0.02184528126687635
ICH_c,0.02184528126687635
ADPH_c,0.0
GDPH_c,0.0
GTPH_c,0.0
IDPA_c,0.0
ITPA_c,0.0
HPRT_c,0.0
XPPRT_c,0.0
DMPH_c,0.0
GMP5N_c,-0.047060922896660036
I5NT_c,0.0
X5NT_c,0.0
AMP5N_c,0.0
DAMPH_c,0.0
PUNP1_c,0.007351919705171635
PUNP2_c,0.0
PUNP3_c,-0.047060922896660036
PUNP4_c,0.0
PUNP5_c,0.0
PUNP6_c,0.0
PUNP7_c,0.0
ADNK_c,0.0
ADNDA_c,0.0
ADEDA_c,0.0
HXANDH_c,0.0
XANDH_c,0.0
URO_c,0.0
HIUH_c,0.0
ATNAH_c,0.0
ATAH_c,0.0
UREAt_m,0.0
ATID_c,0.0
ATGD_c,2.3985581314435818
ATDGD_c,0.0
NDPK_c,0.0
ITPP_c,0.0
DGTD_c,0.0
NTDP_c,0.0
SUAT_c,0.0
BTP_c,0.0
BTPS_c,0.0
ADEC_c,0.0
AGPT_c,0.0032070553155323367
ATDGM_c,0.0
GDTP_c,0.0
GUAC_c,0.0
GTPDPK_c,0.0
ME2_m,0.0
ICDH_m,-7.671223560634663e-15
SULO_m,0.0
BPNT2_h,0.0
OMPDC_c,0.006576317186040681
RUBISO_h,0.0
BCTAI_c,0.0
BCTAI_m,0.0
BCTAL_c,0.0
BCTAL_m,0.0887824533972291
BCTAV_c,0.0
BCTAV_m,0.0
I3OXD_m,0.0887824533972291
TRPIL_c,0.0
ORNDC_c,0.0
ARGDC_c,0.0
AGMDI_c,0.0
AKGR_m,0.0
ADMDC_c,0.0
AMSAPT_c,0.0
SOOR_c,0.0
SDOOR_c,0.0
SACCD_c,-1.306676009615352e-15
AASS_c,-1.306676009615352e-15
AASDH1_c,0.0
AASDH2_c,-1.306676009615352e-15
OXOADPt_m,-1.306676009615352e-15
OADPDH_m,-1.306676009615352e-15
GCDH_m,-1.306676009615352e-15
AOATA_h,0.0
AOATA_m,0.0
GOATA_h,0.0
GOATA_m,1.4847499539913274
OXOGAH_h,0.0
OXOGAH_m,1.4847499539913274
OXOSUCAH_h,0.0
OXOSUCAH_m,0.0
ABPTA_m,0.0
ABGTA_m,0.0
ABOTA_m,0.0
SSAL1_m,0.0
GF6PTA_c,0.0
TYRTA_c,-0.03296478337983678
34HPPOR_c,0.0
MACACI_c,0.0
ISOVCOADH_m,0.0
HMGCOAS_m,-5.716928703227896e-17
OCOAT_m,0.0
IBCOAD_m,0.0
2MBCOAD_m,0.0
2MBCOAH_m,0.0
2MPCOAH_m,0.0
3HIBCOAHL_m,0.0
3HIBDH_m,0.0
3H2MBCOAOR_m,0.0
PPCOAC_m,0.0
MME_m,0.0
MMM_m,0.0
CHOLD_c,0.0
DMGt_m,0.0
DMGDH_m,0.0
SARDH_m,0.0
CGS_m,0.0
HCYSt_m,0.0
ACCS_c,0.0
MAN6PI_c,0.0
MAN1PT_c,0.0
GDPMEP_c,0.0
GDPGALPL_c,0.0
GAL1PP_c,0.0
GALDH_c,0.0
G14LACt_m,0.0
GLACDH_m,0.0
ASCBt_m,0.0
ASCBt_h,0.0
ASCBPOX_c,0.0
ASCBPOX_h,0.5159315516359501
ASCBPOX_m,0.0
DHAOX_c,0.0
DHAOX_h,0.5160292610303336
DHAOX_m,0.0
ACCS_h,0.0
ACCOX_c,0.0
5MTAt_m,-6.856114116983423e-17
5MTRt_m,6.856114116983423e-17
MDRPD_c,-6.856114116983423e-17
DKPPHL_c,-6.856114116983423e-17
DH5MTPOXR_c,-6.856114116983423e-17
MTOBTA_c,-6.856114116983423e-17
CYSTA_c,0.0
MCPST_c,0.0
MCPST_m,0.0
CA_h,3.3313304658556815
CA_m,0.4960526892942066
EX_co2_e,-1.0
CO2t_e,1.0
CO2t_m,-2.9834177096435934
CO2t_h,5.003446506617362
EX_hco3_e,-5.385744169816054
NAHCO3t_h,4.889691480521851
NAHCO3t_m,0.4960526892942066
NAHCO3CLt_e,5.385744169816054
EX_no2_e,0.0
EX_no3_e,-1.6370439208751293
EX_nh4_e,0.0
NO2t_e,0.0
NO3t_e,1.6370439208751293
NO2t_h,1.6370439208751293
NH4t_h,1.1127573236721275
NTRIR_h,0.0
CYNTL_m,0.0
GLUDH_m,0.0
CYOR_m,3.4845581547932434
CYOO_m,1.7422790773966217
GLCNACT_c,0.0
BDMT_c,0.0
G13MT_c,0.0
G16MT_c,0.0
G12MT1_c,0.0
G12MT2_c,0.0
DOLPMT1_c,0.0
G12MT3_c,0.0
G12MT4_c,0.0
DOLPMT2_c,0.0
DOLK_c,0.0
DOLDPP_c,0.0
UDPDOLPT_c,0.0
DOLPGT1_c,0.0
DOLPGT2_c,0.0
DOLPGT3_c,0.0
DOLASNT_c,0.0
MG1_c,0.0
MM1_c,0.0
MM2_c,0.0
DM_m2masn_c,0.0
BHMT_c,0.0
AATA_c,-1.306676009615352e-15
HMGCOAt_m,5.716928703227896e-17
HMGCOAR_c,-5.716928703227896e-17
MEVK_c,-5.716928703227896e-17
PMEVK_c,-5.716928703227896e-17
DPMVD_c,-5.716928703227896e-17
MECDPS_h,0.0708215600928072
GRDPt_c,0.0
IPDPt_m,0.0
NPDPS_h,0.0
HGENTISt_h,0.0
NPDPt_h,0.0
HST_h,0.0
HPT_h,0.0
DTOCOC_h,0.0
GTOCOC_h,0.0
BTOCOMT_h,0.0
HPPOXR_m,0.0
HPLHL_m,0.0
COUCOAF_m,0.0
4HBZCOAF_m,0.0
4HBZF_m,0.0
HBZNPT_m,0.0
3NPHBH1_m,0.0
3NPHBH2_m,0.0
DHNPBMT_m,0.0
NPHMBDC_m,0.0
COQ6_m,0.0
COQ5_m,0.0
COQ7_m,0.0
COQ3_m,0.0
SQLE_c,3.573080439517435e-18
CAMT_c,3.573080439517435e-18
MCAO_c,3.573080439517435e-18
FCSTOLS_c,3.573080439517435e-18
FCSTOLI_c,0.0
EPISTLDS_c,0.0
DHEPSTRLDS_c,0.0
ERGSTOLR_c,0.0
BRASSSTRLS_c,0.0
3DSPHR_c,0.0
SLCBK1_c,0.0
DHCERS18_c,5.92368503177329e-16
CERDA18_c,0.0
DHCERD4DS_c,5.92368503177329e-16
CRMDA18_c,5.92368503177329e-16
CERD8DS_c,0.0
SLCBK2_c,5.92368503177329e-16
SPHAPPL_c,-5.92368503177329e-16
SPHPPL_c,5.92368503177329e-16
SLCBPH1_c,5.92368503177329e-16
SLCBPH2_c,0.0
PDYXPT_c,0.0
PYDXDH_c,0.0
PYRDX5Pt_h,0.0
AMPMS_h,0.0
PMPK_h,0.0
CYSDS_h,0.0
THISAT_h,0.0
THII_h,0.0
GLYCOX1_h,0.0
GLYCOX2_h,0.0
DXYTST_h,0.0
THZT_h,0.0
TMPPP_h,0.0
TMPPH_h,0.0
TMPK_c,0.0
TMPPK_c,0.0
TMTP_h,0.0
TMN_c,0.0
AHMMPt_h,0.0
HMPK_h,0.0
ICHORS_h,0.0
SEPHCHCS_h,0.0
SHCHCS_h,0.0
SUCBZS_h,0.0
SUCBZt_x,0.0
SUCBZL_x,0.0
SBZCOADH_x,0.0
DHNAt_x,0.0
PIMACPS_m,0.0
AOXS_m,0.0
AMAOT_m,0.0
DBTS_m,0.0
BTS_m,0.0
BTNPL_m,0.0
GTPCII_h,0.0
DHPPDA_h,0.0
APRAUR_h,0.0
PMDPHT_h,0.0
DB4PS_h,0.0
DMRLMS_h,0.0
RBFS_h,0.0
RBFK_h,0.0
RBFK_c,0.0
FMNACP_h,0.0
FMNAT_h,0.0
FADR_h,0.0
FADDP_h,0.0
GLUNA1t_h,-2.4355869781464206
GLUNA1t_m,1.1404389917091817
GLNTL_c,0.05714485646481673
GLNTL_h,0.0
GLNt_h,2.3767716205050458
GLNt_m,-2.2388163724915184
ALATL_c,0.13082266410326324
ALATL_h,0.0
ALANA1t_h,-1.353927289888064
ALANA1t_m,1.4847499539913274
ASPTL_c,0.04919437765119813
ASPNA1t_h,1.3566792341413723
ASPNA1t_m,0.0
ASNTL_h,0.0
ASNNA1t_h,0.0
ASNNA1t_m,0.0
GLYNA1t_h,0.0
GLYNA1t_m,0.08226118086974668
THRNA1t_h,0.0
THRNA1t_m,0.0
SERTL_h,0.0
SECYSTL_c,0.0
SECYSTL_h,0.0
SERNA1t_h,0.0
SERNA1t_m,0.15875946228607507
CYSTL_h,0.0
CYSt_h,0.0
CYSt_m,0.0
METt_m,0.0
VALt_h,0.0735261291873123
VALt_m,0.0
LEUTL_h,0.0
LEUt_h,0.0
LEUt_m,0.0887824533972291
ILEt_h,0.056500223047496315
ILEt_m,0.0
LYSt_h,0.056689821111412776
LYSt_m,0.0
HISTL_h,0.0
HISt_h,0.0
PHETL_c,0.05875012007265387
PHETL_h,0.0
PHEt_h,0.0
PHEt_m,0.0
TYRTL_m,0.0
TYRt_h,0.0
TYRt_m,0.0
TRPTL_h,0.0
TRPt_h,0.0
EX_biotin_e,0.0
EX_fe2_e,0.0
EX_h_e,-7.066808526838358
EX_h2o_e,1.3625670097315723
EX_o2_e,9.999999999999762
EX_pi_e,-0.013153477003526426
EX_na1_e,0.0
EX_so4_e,-0.023750317473423266
EX_hso3_e,0.0
EX_mg2_e,-0.007351919705171836
GLYCLTt_c,0.0
GLYCLTt_m,0.0
GLYCLTt_x,0.0
GLYCLTt_e,0.0
EX_glyclt_e,0.0
GOX_x,0.0
GOX_m,0.0
MALt_x,0.019768289700410124
ICITt_x,-0.019768289700410124
GLYCLTD_m,0.0
PEPPIt_h,0.0
ALPL_m,0.0
DHPNTR_m,0.0
BAMPPALDOX_c,0.0
PNTK_m,0.0
PPDCDC_m,0.0
DPCOAK_c,0.0
ASPOR_m,0.0
QULNS_m,0.0
NNDPR_c,0.0
NNAT_c,0.0
DNADDP_c,0.0
NADS_c,0.0
THD1_h,0.0
FTHFCL_c,0.0
MTHFD2_c,0.028421598452908124
MTHFD2_m,0.0
UPPS_h,0.007351919705171836
PHEMEFT_c,0.0
DHBILVOX_h,0.0
PHYEBILIN_h,0.0
MPOXR_h,0.007351919705171836
CHLPC1S_h,0.00045404218674717007
CHLPC2S_h,0.0010022051804388214
PHYPQOX_h,0.0
ZISO_h,0.0
ZCARDS_h,0.0
PLYCOI_h,0.0
LYCBC2_h,0.005904858842607978
PHYDS4S_h,0.0
BCAROXR_h,0.005492194017888453
ZXANEPOX_h,0.005492194017888453
ANTHXANEPOX_h,0.005492194017888453
NSY_h,-0.005492194017888453
VIOXANDE_h,0.0
ANTHXANDE_h,0.0
FXANS_h,0.0034464256653262445
DIADINX_h,0.002045768352562208
DIADINXDE_h,9.770939438360143e-05
DIATOXEPOX_h,0.0
EX_selt_e,0.0
SELTt_e,0.0
SLDK_c,0.0
ACSERL_c,0.0
ACSERL_h,0.0
ACSERL_m,0.0
SELCYSLY2_h,0.0
ACHMSSELCYSL_m,0.0
SEAHCYSHYD_c,0.0
SEMETTL_c,0.0
SEMETHL_c,0.0
GDR_h,0.04398215153147154
GDR_c,0.0
GDR_m,0.0
GDR_NADP_h,0.47204710949886214
GDR_NADP_c,0.0
GDR_NADP_m,0.0
GTHP_c,0.0
FNOR_h,19.166878124403635
EX_glc_e,0.0
EX_cl_e,0.0
O2t_e,-9.999999999999762
O2t_h,-11.742279077396383
O2t_m,1.7422790773966217
O2t_u,-12.63717057186661
O2t_x,0.0
H2Ot_e,-1.3625670097315723
H2Ot_h,0.0
H2Ot_m,-10.68978984710886
H2Ot_u,25.274243434338835
H2Ot_x,0.01976828970041047
CITRLt_m,-0.05505927776172123
CBPt_m,-0.006576317186040681
CHORt_h,-0.09171490345249066
PPOR_c,0.03296478337983678
34HPPt2_m,0.0
3C4MOPt_h,-0.0887824533972291
3C4MOPt_m,0.0887824533972291
2OBUTt_h,0.056500223047496315
2OBUTt_m,0.0
ANTHt_h,-0.011287404738571412
G3PL_c,0.0
5FTHFt_m,0.0
FAC1629Z12Zt_c,0.0
ALABt_m,0.0
AMPt_h,-0.0825656751148077
AMPt_m,0.0
AMPt_x,1.2238869761703878e-15
CMPt_h,-0.0708215600928072
CMPt_m,0.0
FK_c,0.0
F1PGT_c,0.0
GMAND_c,0.0
GFUCS_c,0.0
PFP_c,2.317580535460479
RBKRPE_h,0.0
XYLK_c,0.0
XYLI_c,0.0
GALT_c,5.92368503177329e-16
GALK_c,5.92368503177329e-16
UDPGLDC_c,0.0
TRE6PSP_c,0.0
UDPRHMS_c,0.0
CPS_m,0.0
CPS_c,0.0
FE2GTPabc_e,0.0
FE2t_h,0.0
NH4t_e,0.0
NH4t_m,-1.1820937158877436
PIt_e,6.99300093788446
PIt_h,-0.027342442315064164
PIt_m,10.707859344379493
PIt_x,-1.3712228233966846e-16
SO4t_e,-9.722776817269436
SO4t_h,0.023750317473423654
SO4t_m,0.0
SO3t_m,0.0
SO3t_h,0.0
NADK_m,0.0
Ht_x,-0.01976828970041006
ATPt_h,0.0
ATPt_m,10.701283027193453
ATPM_c,0.0
EX_thm_e,0.0
ALATA_L_m,0.0
MSBENZMT_h,0.0
DHNANT_h,0.0
AMPQT_h,0.0
QULNt_c,0.0
NADt_h,1.3877787807814457e-17
NADt_m,1.3357370765021444e-16
NADPt_x,-2.7424456467933693e-16
NADt_x,2.74244564679337e-16
ATPt_x,6.856114116983423e-17
ACCOAt_x,0.019768289700411064
COAt_m,0.0
COAt_h,-4.376372558692678e-18
DPCOAt_m,0.0
CATCAC_c,-0.01894716652084099
FADt_x,4.930380657631324e-32
FADt_h,0.0
FMNt_h,0.0
THMt_h,0.0
THMPPt_h,0.0
THMPPt_m,0.0
BIOTINt_c,0.0
BIOTINt_h,0.0
AMETt_h,0.007351919705171836
AMETt_m,0.0
THFt_m,0.0
MTHFt_m,0.0
ACS_h,0.0
SUCCt_x,0.019768289700410124
PPA_x,6.856114116983423e-17
ETFQO_m,0.0
BACCL_h,0.0
UTPt_h,5.92368503177329e-16
UDPt_h,5.92368503177329e-16
GTPt_h,0.0
DMPPt_h,0.0
GLXt_h,0.0
GLXt_x,0.0
AHCYSt_m,0.0
MG2t_h,0.007351919705171836
PHEMEt_h,0.0
PTRCt_m,0.0
ACACt_m,0.0
AIRt_h,0.0
HEMEOt_m,0.0
H2St_h,0.02375031747343301
H2St_m,0.0
5MTAt_h,0.0
ADEt_m,-6.856114116983423e-17
AGMt_m,0.0
BILIVERDt_h,0.0
CTPt_m,0.0
HTHBPt_m,0.0
METt_h,0.0
MYOIt_h,0.0
MYOIt_m,0.0
EX_h2_e,0.0
SUCFUMt_m,0.026344606886450805
BTNCCPP_c,0.0
ACCPF_c,0.0
BTND1_c,0.0
BTNCCPP_h,0.0
ACCPF_h,0.0
BTND1_h,0.0
BTNCCPP_m,0.0
ACCPF_m,0.0
BTND1_m,0.0
DM_phyt_c,0.0
DM_thmppp_c,0.0
DM_tre_c,0.0
PTPAT_m,0.0
FTR_h,0.02375031747343301
NTRC_h,0.0
APSt_h,0.0
BPNT_h,0.02375031747343301
CTPt_h,0.0708215600928072
ADPHt_h,0.15338723520761516
GLUTL_h,0.05881535764137469
MG2t_e,0.007351919705171836
ASPSAt_c,0.018947166520849434
ASPSAt_m,0.018947166520849434
ACHMSt_c,0.018947166520849434
ACt_c,0.0
THBPt_m,0.0
EX_fol_e,0.0
FOLt_c,0.0
METHFt_m,0.0
PPA2_c,0.0
UPPG3t_h,0.007351919705171836
TAG_HDE_HDE_OLEt_h,0.0
TAG_HDE_HDE_PALMt_h,-5.92368503177329e-16
TAG_HDE_PALM_OLEt_h,0.0
TAGAH_DHA_EPA_HDTTE_c,0.0
TAGAH_EPA_EPA_HDTE_c,0.0
TAGAH_EPA_EPA_HDTTE_c,0.0
TAGAH_HDE_DHA_HDTTE_c,0.0
TAGAH_HDE_EPA_HDTTE_c,0.0
TAGAH_HDE_HDE_OLE_c,0.0
TAGAH_HDE_HDE_PALM_c,-5.92368503177329e-16
TAGAH_HDE_PALM_OLE_c,0.0
CO2t_x,0.0
P5CR_m,-7.671223560634663e-15
ORNt_m,-0.08439641818526462
AHCYSt_c,0.007351919705171836
HPTALt_m,0.0
ALDD3C7_c,0.0
ALDD3C16_c,-5.92368503177329e-16
ALDD3C161_c,5.92368503177329e-16
FACOAL_70_c,0.0
FACOAL_161_2E_c,5.92368503177329e-16
CATC162E_c,5.92368503177329e-16
CATC70_c,0.0
CARN70t_m,0.0
CARN1612Et_m,5.92368503177329e-16
CAT270_m,0.0
CAT21612E_m,5.92368503177329e-16
FAOXC70_m,0.0
ACGAM6PS_c,0.0
ACGAMPM_c,0.0
UAGDP_c,0.0
NADHt_c,2.74244564679337e-16
NADPt1_c,-2.4702462297909733e-15
NADPt2_c,0.0
FORt_c,0.0
RIBFLVt_c,0.0
FADt_c,0.0
FADt_m,-4.930380657631324e-32
CARNt_c,1.7878441948581707e-18
CARNt_x,0.0
LPAMt_c,0.0
LPAMt_h,0.0
AMOB_use_m,0.0
DAD5t_c,0.0
DAD5t_h,0.0
5DOAN_c,0.0
DM_5drib_c,0.0
DM_2mop_m,0.0
CYANt_m,0.0
THMPPPt_h,0.0
MI3PDt_m,0.0
MI3PDt_h,0.0
DM_fald_m,0.0
COt_c,0.0
COt_e,0.0
EX_co_e,0.0
FADH2t_c,0.0
GLUCYS_h,0.0
ORNt_h,0.0
PDX5Pt_h,0.0
PPHNt_h,0.0
R1Pt_h,0.0
5HPUDICDC_c,0.0
ACALDt_m,0.0
sink_Asn-X-Ser_Thr_c,0.0
CAMPPDE_c,0.0
CPPPG3t_h,0.007351919705171836
CMT2_c,0.0
DM_mhpglu_c,0.0
PHSERt_h,0.1260447928925354
PPGPPDP_c,0.0
CYANt_c,0.0
EX_cyan_e,0.0
CYNTt_c,0.0
CYNTt_m,0.0
EX_cynt_e,0.0
TCYNTt_c,0.0
TCYNTt_m,0.0
EX_tcynt_e,0.0
LACDt_c,0.0
LACDt_m,0.0
EX_lac_d_e,0.0
ETOHt_c,0.0
EX_etoh_e,0.0
ATP2t_m,10.701283027193453
FRNDPR_m,0.0
DHDDS_c,-7.14616087903487e-18
DEDOLP1_c,0.0
DEDOLP2_c,0.0
DEDOLR_c,0.0
FRNDPR_c,0.0
CLt_h,0.0
CLt_e,5.385744169816054
CLt_m,0.0
PINAt_e,7.006154414887987
PINAt_h,0.0
NAHt_e,0.0
NAHt_h,-7.986504130703043
NASO4t_e,-9.699026499796013
PYROHt_c,0.0
PYRONAt_c,0.0
ATPS1_c,0.0
XYLE_c,0.0
PAPSt_h,0.0
GDPMANST_c,0.0
BPNT_c,0.0
G3PAT180_h,0.0
AGPATACP_STC_HDE_h,0.0
PAPA_STC_HDE_h,0.0
MGDGS_STC_HDE_h,0.0
MGDGH_STC_HDE_h,0.0
MGDGD12DS_STC_HDDE_sn2_h,0.0
MGDGD6DS_STC_HDTE_sn2_h,0.0
MGDGH_STC_HDTE_h,0.0
AGPATACP_HDE_OLE_h,0.0
PAPA_HDE_OLE_h,0.0
MGDGS_HDE_OLE_h,0.0
MGDGH_HDE_OLE_h,0.0
MGDGD12DS_HDDE_HDTE_sn1_h,0.0
MGDGH_HDDE_HDTE_h,0.0
PAPA_PALM_PALM_h,0.0
SQDGS_PALM_PALM_h,0.0
UDPSQt_h,0.0
AGPATCOA_HDE_TTC_c,0.0
PAPA_HDE_TTC_c,0.0
SQDGS_HDE_TTC_c,0.0
SQDGD12DS_HDDE_PALM_sn1_h,0.0
ASQ_EPA_PALM_2OEPA_h,0.0
LPCAT_EPA_HDDE_c,0.0
ACPT_EPA_HDE_c,0.0
ACPT_EPA_EPA_c,-6.856114116983423e-17
AACPDAGAT_HDE_PALM_PALM_h,0.0
ACOADAGAT_HDE_PALM_PALM_c,0.0
ACOADAGAT_HDE_PALM_EPA_c,0.0
PLDAGAT_HDE_PALM_PALM_PC_3_c,0.0
PLDAGAT_HDE_PALM_PALM_PC_6_c,0.0
PLDAGAT_HDE_PALM_EPA_PC_3_c,0.0
PLDAGAT_HDE_PALM_EPA_PC_6_c,0.0
PLDAGAT_HDE_PALM_EPA_PE_14_c,0.0
TAG_HDE_PALM_PALMt_h,0.0
TAGAH_HDE_PALM_PALM_c,0.0
TAGAH_HDE_PALM_EPA_c,0.0
TAGAH_HDE_EPA_HDTE_c,0.0
DM_biomass_c,0.0
biomass_pigm_h,0.009831212641027461
bof_c,0.0
CEF_h,0.3
NDHPQR_h,0.0
PTOX_h,0.0
DM_no3_c,0.0
MTOBR_c,0.0
MTHBMT_c,0.0
DMPSS_c,0.0
biomass_DNA_c,0.0
biomass_RNA_c,0.004213376846154625
DM_dmsp_c,0.0
DM_indole_c,0.0
HISD_c,0.0
DM_for_c,0.0
biomass_pro_c,0.12640130538463878
AGAS_m,0.0
MEHLER_h,0.0
ATPM_h,1.0
ATPM_m,0.0
B13GS_c,5.92368503177329e-16
AOX_m,0.0
ASCBt_u,9.770939438360143e-05
DHASCBt_u,9.770939438360143e-05
SOX_m,0.0
SOD_m,0.0
FNOR2_h,0.0
G3PAT182_9_12_c,-6.856114116983423e-17
AGPATCOA_LNA_LNA_c,-6.856114116983423e-17
CHOPT_LNA_LNA_c,0.0
FA140ACPH_h,5.92368503177329e-16
PI4P5K_HDE_PALM_c,0.0
PIP5P_HDE_PALM_c,0.0
PIPLC_HDE_PALM_c,0.0
UREAt_e,0.0
EX_urea_e,0.0
biomass_struct_carb_c,0.0
biomass_plastid_lipids_h,0.0
biomass_mem_lipids_c,0.0
biomass_c_storage_c,0.0
DM_carbon_storage_c,0.0
bof_c_accumulation_c,0.14044638983012916
bof_cell_division_c,0.0
DM_biomass_c_acc_c,0.14044638983012916
DM_biomass_cell_div_c,0.0
GLS4_c,5.92368503177329e-16
bof_dark_c,0.0
DM_biomass_dark_c,0.0
GAM,4.213813076211497
IDH_m,0.9275002369441866
ARGt_m,0.0
ORNC_m,0.0
ASPGLU2_m,-0.22418445398017717
SPT_m,0.0
HYPRRx_m,0.0
GLYCK2_m,0.0
NADPHt_x,0.0
G5K_m,0.0
G5DH_m,0.0
NAHt_m,2.458939352959353
COAt_x,-0.01976828970040984
AKGICITt_m,0.0
OAAICITt_m,0.0
MALICITt_m,0.019768289700410124
