rxn,flux
ATPS_m,78.04858551
IDP_h,0.311401674
IDP_m,0
THD2_m,0
ATAM_c,3.191036511
GLTS_h,58.57114071
GLNA_h,16.89677659
FACOAL_181_9Z_c,0.01658677
ACS_c,0.242031339
UTAL_c,0.011824628
ASPTA_L_c,-6.32388332
ASPTA_L_h,-0.068268806
OAAAKGt_m,0
ASPTA_L_m,-1.131734678
FACOAL_160_c,0
SERDC_m,0.00550931
SAL_m,15.10052523
ALATA_L_h,-0.270928736
GLYK_c,0.000609284
MDH_m,-11.3892453
MALAKGt_m,0
MALOAAt_m,-0.402742523
ME1_m,0
PGI_c,-0.95553868
PGI_h,-0.016307714
AMPD_c,0
FACOAL_180_c,0.001144835
TDSR_c,0.001994737
FTHDF_c,1.11E-12
FTHFL_c,0
ASNS_c,0
ATPCS_c,5.921140797
AKGCITt_m,0
MALCITt_m,5.921140797
OAACITt_m,0
CISY_m,9.854768095
G3PDH_h,0.139230259
TPI_h,96.61977692
DGOTO_c,0.0004864
PGM_c,-0.294197357
PGM_h,-0.016307714
PYC_m,0
CITICITt_m,0
MAT_c,0.024309137
GHMT_m,19.14768282
PEPC_m,0
PYK_c,0
AGPOP_c,0
GTPOP_c,0
PEPC_h,0
PPDK_h,0
PYK_m,0
PEPCK_m,0
SAT_h,0
DAOTO_c,0.000510969
DAPOP_c,0
DHFR1_c,0.000510969
DHFR2_c,0
AGAT_m,0
MALS_x,6.143150862
FACOAL_182_9Z12Z_c,0.001216387
PDH_E3_h,3.595349972
PDH_E3_m,3.329326498
PYDXK_c,0
PYDXPP_c,0
RPDPK_c,0
GMPS_c,0.011313659
GMPS_GLU_c,0
IMPD_c,0.011313659
PDH_E1a_h,3.595349972
PDH_E1a_m,0
TAL_m,0
ADH_c,0
THRA_m,0
SUAT_h,0.065867149
DCDT_c,0.000997369
DOLPMT_c,0
MDUMT_c,0.000510969
ATDTM_c,0.000510969
DTMPK_c,0
CCP2_m,0
CYSS_h,0
SAHH_c,-0.024309137
GAPDH_c,0
GAPDH_h,244.1630738
PGK_h,244.1630738
GAPDH_m,0
ENO_h,-0.426627686
ENO_m,0
G6PDH_c,0
DMOR_4_h,9.296838547
DMOR_4_m,0
MG3_c,0
MG2_c,0
CBL_m,0
IDIH_h,0
PETHCT_c,0.000688664
DHFOR1_c,0
THFOR1_c,0
THFOR2_c,0
DHFOR2_c,0
GGPS_h,0.018645083
GUAD_c,0
LDH_m,0
MI3PS_c,0.000826397
DVPCHLDR_h,0.009323696
PCHLDOR_h,0.009070912
PDXPP_c,0
PYDXNK_c,0
SDH_m,-15.67977793
PYDXS_c,0
UGDH_c,0.1234111
MTMOHT_m,0
PGLYCP_h,44.5897015
IPPS_h,0.183865067
PPNCL_m,0
METS_c,-0.063547995
MTHFO1_c,0.063547995
MTHFO2_c,0
PGDH_c,0
PGDH_h,0
EAR40_h,0.424162113
OCT_m,0.11402566
UPP3DC_h,0.009847198
DVCHLDR_h,0
DVPCHLDOR_h,0
FBP_h,48.35508411
FBA_h,-48.35508411
OAT_m,15.47232306
FPPS_c,0
GPPS_c,7.34E-17
FPPS_h,0.018645083
GPPS_h,0.018645083
IDS1_h,0.05593525
IDS2_h,0.018645083
HMGL_m,-5.87E-16
FACOAL_183_6Z9Z12Z_c,0.015227279
MCOATA_h,2.983128868
MMSAD_m,8.960703677
NITR_c,3.445984719
GGDR_h,0.005255763
CHRM_c,0.189938059
FCLT_h,0
PYAMPP_c,0
PYAMK_c,0
PRK_h,144.5897015
TALA_h,0
SELCYSLY2_c,0
SELTOR_c,0
SPMS_c,0
SCS_m,-15.65657842
EAR120_h,0.424162113
EAR60_h,0.424162113
EAR160_h,0.420424583
RPE_h,-96.46423895
TKL1_h,-48.12546255
TKL2_h,48.3387764
P5CR_c,0
DAPEP_h,3.381131805
DAHPS_h,0.213313843
ACCAT_m,3.366548247
BCKDHI_m,3.366548247
BCKDHV_m,8.960703677
IMPDH_h,0.183865067
DHQS_h,0.213313843
SERPT_c,0
KARI_1_h,-3.483558049
KARI_2_h,3.483558049
MCCC_m,0
MGCH_m,0
BCKDHL_m,0
3OAS181_h,0.01658677
3OAS120_h,0.424162113
3OAS100_h,0.424162113
3OAS60_h,0.424162113
3OAS140_h,0.424162113
3OAS80_h,0.424162113
3OAS180_h,0.001144835
3OAS160_h,0.420424583
CHRS_h,0.213313843
ADCS_c,0
CMS_h,0.074580333
FUMAC_c,0
HGNTOR_c,0
ASADH_h,7.047952858
ASPK_h,7.047952858
PRAIC_c,-0.023199508
PRAIS_c,0.023199508
MTRI_c,0
MTRK_c,0
MTAN_m,0
AGK_h,42.25427983
3OAS40_h,0.424162113
PDH_E1b_h,3.595349972
PDH_E1b_m,0
PDH_E2_m,0
ARGSS_c,0.11402566
ASPCT_c,0.023199508
DHR_c,-0.023199508
NCPA_c,0
CAS_c,0
ATDAM_c,0
ADSS_c,0.04350729
GLCNACPT_c,0
TMTD_h,0
DXR_h,0.074580333
PRFGCL_c,0.023199508
PRFGS_c,0.023199508
LYCBC1_c,-0.00669466
G1SAT_h,-0.078777581
G5DH_c,0
GTHS_h,0
HDH_c,0.031621441
FACOAL_183_9Z12Z15Z_c,0
MPML_h,0.009847198
MPMT_h,-0.009847198
NOR_h,-0.00669466
CYEUOLI_c,0
OBFOLOR_c,0
CMK_h,0.074580333
PPDH_c,0.121669253
PDS1_c,0.00669466
PSY_h,0.00669466
PPBNGD_h,-0.009847198
PPBNGS_h,0.039388791
CPPPGO_h,0.009847198
PPPGO_h,0.009847198
PPRGL_c,0.023199508
IMGPS_c,0.031621441
PRICI_c,0.031621441
PSP_m,0
PSPPS_c,0
FBA3_h,48.12546255
SBP_h,48.12546255
OGDH_E2_m,3.329326498
OGDH_E1_m,3.329326498
EPSPS_h,-0.213313843
SQLS_c,0
DAPAT_h,3.381131805
DHPR_h,3.381131805
GLUTL_c,0.11837099
GLUTRR_h,0.078777581
TMTG_h,0
PDS2_h,0.00669466
ZDS_h,-0.00669466
METTF_c,0
FORA_c,0
HEMEASM_m,0
MERGTOLR_c,0
PPM_c,-0.101396241
PPM_h,0
BETALDH_c,0
SSAL2_m,0
ARGTL_c,0.11402566
CYSTL_c,0.009947142
GLYTL_m,0
HISTL_c,0.031621441
ILETL_c,0.117009802
LEUTL_c,0.183865067
LYSTL_m,0
METTL_c,0.039238858
PHETL_m,0
PROTL_c,0.174781756
THRTL_c,0.144024146
THRTL_m,0
TRPTL_c,0.023375784
TYRTL_c,0.068268806
VALTL_c,0.152269803
VALTL_h,0
NADK_h,0
GLNA_m,41.89410517
TPTPti_h,2.649393503
FUM_m,15.65657842
GLYTA_m,44.5897015
BCTAV_h,-9.11297348
PGAM_c,0
PGAM_m,0
PDX5PO_c,0
PYDXNO_c,0
PYAM5PO_c,0
PYAMOX_c,0
PMANM_c,-0.223176551
POAT_c,-0.121669253
GLYTL_c,0.270064906
NADHOR_m,67.16026958
FA160ACPH_h,0
GCS_m,-19.14768282
FA180ACPH_h,0.001144835
HGDH_m,0
THFAT_m,0
EAR181_h,0.01658677
EAR100_h,0.424162113
EAR140_h,0.424162113
EAR80_h,0.424162113
3HAD40_h,-0.424162113
3HAD181_h,0.01658677
3HAD120_h,-0.424162113
3HAD100_h,-0.424162113
3HAD60_h,-0.424162113
3HAD140_h,-0.424162113
3HAD80_h,-0.424162113
3HAD160_h,-0.420424583
ACOATA_h,0.424162113
ACCOAC_h,2.983128868
3HAD180_h,0.001144835
EAR180_h,0.001144835
THD2_c,0
GLTS_m,0
CAT_x,0
FBP_c,5.35243836
GHMT_c,-0.142079421
SAL_c,3.684108533
TPI_c,1.392657815
UMPK_c,0.023199508
RPI_h,48.12546255
FUM_c,0.180732458
PGK_c,0
MTHFC_c,-0.078020457
MTHFD_c,0.078020457
CBMK_m,0.137225168
DXPS_h,0.074580333
TALA_c,0.101396241
GGPS_c,0
UDPSQS_h,0.004896486
SO3R_h,0.049186
RPE_c,0
TKL1_c,-0.101396241
TKL2_c,0
DHAD_4_h,9.296838547
DHAD_5_h,3.483558049
DHFS_c,0
NTRIRfx_h,3.445984719
ACOAT_h,-42.25427983
PANTS_m,0
FBA_c,-1.381507713
3OAR40_h,0.424162113
3OAR100_h,0.424162113
3OAR120_h,0.424162113
3OAR140_h,0.424162113
3OAR160_h,0.420424583
3OAR180_h,0.001144835
3OAR181_h,0.01658677
3OAR60_h,0.424162113
3OAR80_h,0.424162113
AGMT_m,0
ANPRT_c,0.023375784
HOXG_c,0
CHLPAS_h,0.005255763
TRPS1_c,0.023375784
NPHS_x,0
PDH_E2_h,-3.595349972
THRD_c,3.483558049
SERTL_c,0.182137406
ASNTL_c,0.101853499
LYSTL_c,0.117402452
GACT_h,-42.25427983
DHQDH_h,0.213313843
XPK_c,0.101396241
FPK_c,0.101396241
UPP3DC_c,0
NPDPS_m,7.34E-17
CYSS_m,0
DHPS_c,0
IMPHL_1_h,0.183865067
IMPHL_2_h,0.183865067
ASL_c,0.11402566
HMBDPO_h,0.074580333
MPBQMT_h,0
TRPS2_c,0
ACN_a_m,-3.933627298
ACN_b_m,3.933627298
EX_photon_e,-2169.774228
PHOt_e,2169.774228
PHOt_h,1735.819339
PSII_u,210.0848076
CBFC_u,459.2155185
PSI_u,447.7351305
ATPS_h,563.443178
GLCt_e,0
GLCt_x,0
GLK_c,0
PFK_c,0
TPI_m,-3.50E-14
PGK_m,0
PGAM_h,0.426627686
PYK_h,0
PPTPt_x,0
TPTPt_m,-3.50E-14
PYRNAt_h,29.37585021
MPCt_m,-25.69174167
PGL_c,0
6PGTt_m,0
EDD_h,0
EDA_m,0
RUBISC_h,100
ACK_c,0.202792482
PYC_h,0
ICL_x,0
ARG_m,0
GLUDH_c,0.050284691
GLUDH2_m,-4.185183321
GLUSA_m,15.47232306
P5CDH_m,41.96547241
PRODH_m,26.49314936
ORNC_c,0.174781756
AGAS_h,0
AGPR_h,42.25427983
UREASE_m,0
GLUSA_c,0
G5K_c,0
PRO4H_c,0
SERA_m,0
PSAT_m,0
THRA_c,0
ASPK_c,0
HSDH_m,0.039238858
HSDH_h,3.627582195
HSK_h,3.627582195
THRS_c,0
THRS_h,3.627582195
DHPS_h,3.381131805
DAPDC_h,3.381131805
APSK_h,101.3624273
PAPSR_h,0.054082485
HSAT_m,0.039238858
AHSAL_c,0.039238858
CBS_c,0
CGL_c,0
SHL_c,0.009947142
ASNAL_c,0.101853499
ASNA_c,0
PRAS_c,0.031621441
PRADP_c,0.031621441
PRAMPCH_c,0.031621441
IGPDH_c,0.031621441
IAPTA_c,0.031621441
HPP_c,0.031621441
ALPL_h,9.296838547
POXAAT_h,3.483558049
BCTAI_h,3.483558049
BCTAL_h,0
DHSR_h,0.213313843
SKMK_h,0.213313843
PPHTA_h,0.068268806
ARODH_h,0.068268806
PHEH_c,0
HTHBDH_m,0
THBPOX_m,0
CHRL_h,0.023375784
PRAI_c,0.023375784
IGPS_c,0.023375784
GTPCH_c,0
PTPS_c,0
SR_c,0
BACCL_m,-5.14E-16
ACP1619ZD9DS_h,0.287618277
ACP1819ZD9DS_h,0
FA161d9ACPH_h,0
FA181d9ACPH_h,0.015224823
BACCL_c,0
ACCOAC_c,0.020021274
FACOAL_140_c,0
FACOAL_161_9Z_c,0.001144835
FACOAL_162_9Z12Z_c,0.000216837
FACOAL_163_6Z9Z12Z_c,0
G3PDH_c,0.011150103
ETHAK_c,0.00550931
ETHAt_c,0.00550931
PETHMT_c,0.004820647
PETHDMT_c,0.004820647
PETHTMT_c,0.004820647
PCHOLCT_c,0.004820647
MI3PP_c,0
MI3PP_h,0.000826397
MI3PP_m,0
G1PUT_c,0
G1PUT_h,0.016307714
UGP_PGM_c,0.660514926
FCYTOB5OXR_c,-0.033459749
FCYTOB5OXR_m,0
COA181_9Z_9DS_c,0
FACOAL205_c,0.011374768
FACOAL226_c,0.001359491
G3PAT1619Z_c,0.001144835
G3PAT1819Z_c,0
G3PAT2055Z8Z11Z14Z17Z_c,0.009326613
G3PAT2264Z7Z10Z13Z16Z19Z_c,0.000679746
AGPATCOA_HDE_MYRS_c,0
AGPATCOA_HDE_PALM_c,0
AGPATCOA_HDE_HDE_c,0
AGPATCOA_HDE_STC_c,0
AGPATCOA_HDE_OLE_c,0
AGPATCOA_HDE_EPA_c,0
AGPATCOA_HDE_DHA_c,0
AGPATCOA_OLE_MYRS_c,0
AGPATCOA_OLE_PALM_c,0
AGPATCOA_OLE_HDE_c,0
AGPATCOA_OLE_STC_c,0
AGPATCOA_OLE_OLE_c,0
AGPATCOA_OLE_EPA_c,0
AGPATCOA_OLE_DHA_c,0
AGPATCOA_EPA_MYRS_c,0
AGPATCOA_EPA_PALM_c,0
AGPATCOA_EPA_HDE_c,0
AGPATCOA_EPA_STC_c,0
AGPATCOA_EPA_OLE_c,0.004069349
AGPATCOA_EPA_EPA_c,0.000688664
AGPATCOA_EPA_DHA_c,0
AGPATCOA_DHA_MYRS_c,0
AGPATCOA_DHA_PALM_c,0
AGPATCOA_DHA_HDE_c,0
AGPATCOA_DHA_STC_c,0
AGPATCOA_DHA_OLE_c,0
AGPATCOA_DHA_EPA_c,0
AGPATCOA_DHA_DHA_c,0.000679746
PAPA_HDE_PALM_c,0
PAPA_HDE_HDE_c,0
PAPA_HDE_STC_c,0
PAPA_HDE_OLE_c,0
PAPA_HDE_EPA_c,0
PAPA_HDE_DHA_c,0
PAPA_OLE_PALM_c,0
PAPA_OLE_HDE_c,0
PAPA_OLE_STC_c,0
PAPA_OLE_OLE_c,0
PAPA_OLE_EPA_c,0
PAPA_OLE_DHA_c,0
PAPA_EPA_PALM_c,0
PAPA_EPA_HDE_c,0
PAPA_EPA_STC_c,0
PAPA_EPA_OLE_c,0.004069349
PAPA_EPA_EPA_c,0.000688664
PAPA_EPA_DHA_c,0
PAPA_DHA_PALM_c,0
PAPA_DHA_HDE_c,0
PAPA_DHA_STC_c,0
PAPA_DHA_OLE_c,0
PAPA_DHA_EPA_c,0
PAPA_DHA_DHA_c,0.000679746
CHOPT_HDE_PALM_c,0
CHOPT_HDE_HDE_c,0.000143104
CHOPT_HDE_STC_c,0
CHOPT_HDE_OLE_c,0
CHOPT_HDE_EPA_c,0
CHOPT_HDE_DHA_c,0
CHOPT_EPA_PALM_c,0
CHOPT_EPA_HDE_c,0
CHOPT_EPA_STC_c,0
CHOPT_EPA_OLE_c,0.004069349
CHOPT_EPA_EPA_c,0
CHOPT_EPA_DHA_c,0
PCD12DS_HDE_LNA_sn2_c,0.012517422
PCD12DS_EPA_LNA_sn2_c,0.004069349
PCD6DS_HDE_GLNA_sn2_c,0.01115793
PCD6DS_EPA_GLNA_sn2_c,0.004069349
PCW3DS_HDE_ALNA_sn2_c,0.000143104
PCW3DS_EPA_ALNA_sn2_c,0
PCD6DS_HDE_STA_sn2_c,0.000143104
PCD6DS_EPA_STA_sn2_c,0
PCW3DS_HDE_STA_sn2_c,0
PCW3DS_EPA_STA_sn2_c,0
FAC160t_c,0
FAC1819Zt_c,0.015224823
FAC1619Zt_c,0.000216837
FAC180t_c,0.001144835
FAC140t_c,0
FAC2055Z8Z11Z14Z17Zt_c,0
FAC1636Z9Z12Zt_c,0
FAC1646Z9Z12Z15Zt_c,0
FACOAL_184_6Z9Z12Z15Z_c,0
FACOAL_200_c,0
FACOAL_220_c,0
FACOAL_240_c,0
PLA2PC_HDE_STA_c,0
PLA2PC_EPA_STA_c,0
PLA2PC_HDE_GLNA_c,0.01115793
PLA2PC_EPA_GLNA_c,0.004069349
3OAS200_c,0.001144835
3OAR200_c,0.001144835
3HAD200_c,0.001144835
EAR200_c,0.001144835
3OAS220_c,0.001144835
3OAR220_c,0.001144835
3HAD220_c,0.001144835
EAR220_c,0.001144835
3OAS240_c,0.001144835
3OAR240_c,0.001144835
3HAD240_c,0.001144835
EAR240_c,0.001144835
ELO6ETA_c,0
ELO6DGLA_c,0.015227279
LPCAT_HDE_ETA_sn2_c,0
LPCAT_HDE_DGLA_sn2_c,0
LPCAT_EPA_ETA_sn2_c,0
LPCAT_EPA_DGLA_sn2_c,0.015227279
PCW3DS_HDE_ETA_sn2_c,0
PCW3DS_EPA_ETA_sn2_c,0
PCD5DS_HDE_ARA_sn2_c,0
PCD5DS_EPA_ARA_sn2_c,0.015227279
PCD5DS_HDE_EPA_sn2_c,0
PCD5DS_EPA_EPA_sn2_c,0
PCW3DS_HDE_EPA_sn2_c,0
PCW3DS_EPA_EPA_sn2_c,0.015227279
PLA2PC_HDE_EPA_c,0
PLA2PC_EPA_EPA_c,0.011374768
ELO5DPA_c,0.001359491
LPCAT_HDE_DPA_sn2_c,0
LPCAT_EPA_DPA_sn2_c,0.001359491
PCD4DS_HDE_DHA_sn2_c,0
PCD4DS_EPA_DHA_sn2_c,0.001359491
PLDPC_HDE_PALM_c,0
PLDPC_HDE_HDE_c,0
PLDPC_HDE_STC_c,0
PLDPC_HDE_OLE_c,0
PLDPC_HDE_EPA_c,0
PLDPC_HDE_DHA_c,0
PLDPC_EPA_PALM_c,0
PLDPC_EPA_HDE_c,0
PLDPC_EPA_STC_c,0
PLDPC_EPA_OLE_c,0
PLDPC_EPA_EPA_c,0
PLDPC_EPA_DHA_c,0
PLDPC_HDE_LNA_c,0
PLDPC_LNA_LNA_c,0
PLDPC_EPA_LNA_c,0
PLDPC_HDE_GLNA_c,0
PLDPC_EPA_GLNA_c,0
PLDPC_HDE_ALNA_c,0
PLDPC_EPA_ALNA_c,0
PLDPC_HDE_ARA_c,0
PLDPC_EPA_ARA_c,0
PAPA_HDE_LNA_c,0
PAPA_LNA_LNA_c,0.000608193
PAPA_EPA_LNA_c,0
PAPA_HDE_GLNA_c,0
PAPA_EPA_GLNA_c,0
PAPA_HDE_ALNA_c,0
PAPA_EPA_ALNA_c,0
PAPA_HDE_ARA_c,0
PAPA_EPA_ARA_c,0
CDPDAGS_HDE_PALM_c,0.000826397
DAGK_HDE_PALM_c,0.000826397
DAGK_HDE_HDE_c,0
DAGK_HDE_STC_c,0
DAGK_HDE_OLE_c,0
DAGK_HDE_EPA_c,0
DAGK_HDE_DHA_c,0
DAGK_OLE_PALM_c,0
DAGK_OLE_HDE_c,0
DAGK_OLE_STC_c,0
DAGK_OLE_OLE_c,0
DAGK_OLE_EPA_c,0
DAGK_OLE_DHA_c,0
DAGK_EPA_PALM_c,0
DAGK_EPA_HDE_c,0
DAGK_EPA_STC_c,0
DAGK_EPA_OLE_c,0
DAGK_EPA_EPA_c,0
DAGK_EPA_DHA_c,0
DAGK_DHA_PALM_c,0
DAGK_DHA_HDE_c,0
DAGK_DHA_STC_c,0
DAGK_DHA_OLE_c,0
DAGK_DHA_EPA_c,0
DAGK_DHA_DHA_c,0
DAGK_HDE_LNA_c,0
DAGK_LNA_LNA_c,0
DAGK_EPA_LNA_c,0
DAGK_HDE_GLNA_c,0
DAGK_EPA_GLNA_c,0
DAGK_HDE_ALNA_c,0
DAGK_EPA_ALNA_c,0
DAGK_HDE_ARA_c,0
DAGK_EPA_ARA_c,0
ETHAPT_EPA_EPA_c,0.000688664
CDIPT_HDE_PALM_c,0.000826397
CHOLt_m,0
CHOLK_m,0
PCHOLt_m,0
PIP4K_HDE_PALM_c,0
PIP3K_HDE_PALM_c,0
PIP3P_HDE_PALM_c,0
IPMK_c,0
IP52K_c,0
PLDPE_EPA_EPA_c,0
FACOAL_204_5Z8Z11Z14Z_c,0
PLA2PC_HDE_PALM_c,0
PLA2PC_HDE_HDE_c,0.000143104
PLA2PC_HDE_STC_c,0
PLA2PC_HDE_OLE_c,0
PLA2PC_HDE_DHA_c,0
PLA2PC_EPA_PALM_c,0
PLA2PC_EPA_HDE_c,0
PLA2PC_EPA_STC_c,0
PLA2PC_EPA_OLE_c,0
PLA2PC_EPA_DHA_c,0.001359491
PLA2PC_HDE_LNA_c,0.001216387
PLA2PC_LNA_LNA_c,0
PLA2PC_EPA_LNA_c,0
PLA2PC_HDE_ALNA_c,0
PLA2PC_EPA_ALNA_c,0
PLA2PC_HDE_ARA_c,0
PLA2PC_EPA_ARA_c,0
PLA2PE_EPA_EPA_c,0
LPCAT_HDE_PALM_sn2_c,0
LPCAT_HDE_HDE_sn2_c,0
LPCAT_HDE_STC_sn2_c,0
LPCAT_HDE_OLE_sn2_c,0.012517422
LPCAT_HDE_LNA_sn2_c,0
LPCAT_HDE_ALNA_sn2_c,0
LPCAT_HDE_GLNA_sn2_c,0
LPCAT_HDE_EPA_sn2_c,0
LPCAT_HDE_DHA_sn2_c,0
LPCAT_HDE_ARA_sn2_c,0
LPCAT_LNA_LNA_sn2_c,0
LPCAT_EPA_PALM_sn2_c,0
LPCAT_EPA_HDE_sn2_c,0
LPCAT_EPA_STC_sn2_c,0
LPCAT_EPA_OLE_sn2_c,0
LPCAT_EPA_LNA_sn2_c,0
LPCAT_EPA_ALNA_sn2_c,0
LPCAT_EPA_GLNA_sn2_c,0
LPCAT_EPA_EPA_sn2_c,0
LPCAT_EPA_DHA_sn2_c,0
LPCAT_EPA_ARA_sn2_c,0
LPEAT_EPA_EPA_sn2_c,0
LPCH1619Z_sn1_c,0
LPCH1829Z12Z_sn1_c,0
LPCH2055Z8Z11Z14Z17Z_sn1_c,0
LPEH2055Z8Z11Z14Z17Z_sn1_c,0
GPCGPH_c,0
GPEGPH_c,0
ACOADAGAT_HDE_ARA_ARA_c,0
ACOADAGAT_OLE_HDE_OLE_c,0
ACOADAGAT_OLE_PALM_PALM_c,0
ACOADAGAT_DHA_EPA_ARA_c,0
ACOADAGAT_DHA_EPA_DHA_c,0
ACOADAGAT_OLE_EPA_DHA_c,0
ACOADAGAT_HDE_PALM_LNA_c,0
ACOADAGAT_OLE_PALM_HDE_c,0
ACOADAGAT_HDE_ARA_PALM_c,0
ACOADAGAT_HDE_HDE_GLNA_c,0
ACOADAGAT_HDE_HDE_LNA_c,0
ACOADAGAT_OLE_HDE_HDE_c,0
ACOADAGAT_HDE_ARA_HDE_c,0
ACOADAGAT_HDE_EPA_GLNA_c,0
ACOADAGAT_HDE_EPA_ARA_c,0
ACOADAGAT_HDE_EPA_DHA_c,0
ACOADAGAT_HDE_EPA_LNA_c,0
ACOADAGAT_HDE_EPA_OLE_c,0
ACOADAGAT_EPA_EPA_LNA_c,0
ACOADAGAT_EPA_EPA_GLNA_c,0
ACOADAGAT_EPA_EPA_DHA_c,0
ACOADAGAT_OLE_EPA_EPA_c,0
ACOADAGAT_HDE_EPA_PALM_c,0
ACOADAGAT_EPA_EPA_PALM_c,0
ACOADAGAT_HDE_EPA_HDE_c,0
ACOADAGAT_HDE_HDE_HDE_c,0
ACOADAGAT_HDE_EPA_EPA_c,0
ACOADAGAT_EPA_EPA_ARA_c,0
ACOADAGAT_EPA_EPA_EPA_c,0
PLDAGAT_HDE_ARA_ARA_PC_3_c,0
PLDAGAT_HDE_ARA_ARA_PC_7_c,0
PLDAGAT_OLE_HDE_OLE_PC_3_c,0
PLDAGAT_OLE_HDE_OLE_PC_6_c,0
PLDAGAT_OLE_PALM_PALM_PC_3_c,0
PLDAGAT_OLE_PALM_PALM_PC_6_c,0
PLDAGAT_DHA_EPA_ARA_PC_3_c,0
PLDAGAT_DHA_EPA_ARA_PC_7_c,0
PLDAGAT_DHA_EPA_DHA_PC_3_c,0
PLDAGAT_DHA_EPA_DHA_PC_6_c,0
PLDAGAT_OLE_EPA_DHA_PC_3_c,0
PLDAGAT_OLE_EPA_DHA_PC_6_c,0
PLDAGAT_HDE_PALM_LNA_PC_3_c,0
PLDAGAT_HDE_PALM_LNA_PC_5_c,0
PLDAGAT_HDE_PALM_LNA_PC_7_c,0
PLDAGAT_OLE_PALM_HDE_PC_3_c,0
PLDAGAT_OLE_PALM_HDE_PC_6_c,0
PLDAGAT_HDE_ARA_PALM_PC_3_c,0
PLDAGAT_HDE_ARA_PALM_PC_6_c,0
PLDAGAT_HDE_HDE_GLNA_PC_3_c,0
PLDAGAT_HDE_HDE_GLNA_PC_7_c,0
PLDAGAT_HDE_HDE_LNA_PC_3_c,0
PLDAGAT_HDE_HDE_LNA_PC_5_c,0
PLDAGAT_HDE_HDE_LNA_PC_7_c,0
PLDAGAT_OLE_HDE_HDE_PC_3_c,0
PLDAGAT_OLE_HDE_HDE_PC_6_c,0
PLDAGAT_HDE_ARA_HDE_PC_3_c,0
PLDAGAT_HDE_ARA_HDE_PC_6_c,0
PLDAGAT_HDE_EPA_GLNA_PC_3_c,0
PLDAGAT_HDE_EPA_GLNA_PC_7_c,0
PLDAGAT_HDE_EPA_ARA_PC_3_c,0
PLDAGAT_HDE_EPA_ARA_PC_7_c,0
PLDAGAT_HDE_EPA_DHA_PC_3_c,0
PLDAGAT_HDE_EPA_DHA_PC_6_c,0
PLDAGAT_HDE_EPA_LNA_PC_3_c,0
PLDAGAT_HDE_EPA_LNA_PC_5_c,0
PLDAGAT_HDE_EPA_LNA_PC_7_c,0
PLDAGAT_HDE_EPA_OLE_PC_3_c,0
PLDAGAT_HDE_EPA_OLE_PC_6_c,0
PLDAGAT_EPA_EPA_LNA_PC_3_c,0
PLDAGAT_EPA_EPA_LNA_PC_5_c,0
PLDAGAT_EPA_EPA_LNA_PC_7_c,0
PLDAGAT_EPA_EPA_GLNA_PC_3_c,0
PLDAGAT_EPA_EPA_GLNA_PC_7_c,0
PLDAGAT_EPA_EPA_DHA_PC_3_c,0
PLDAGAT_EPA_EPA_DHA_PC_6_c,0
PLDAGAT_OLE_EPA_EPA_PC_3_c,0
PLDAGAT_OLE_EPA_EPA_PC_6_c,0
PLDAGAT_OLE_EPA_EPA_PE_14_c,0
PLDAGAT_HDE_EPA_PALM_PC_3_c,0
PLDAGAT_HDE_EPA_PALM_PC_6_c,0
PLDAGAT_EPA_EPA_PALM_PC_3_c,0
PLDAGAT_EPA_EPA_PALM_PC_6_c,0
PLDAGAT_HDE_EPA_HDE_PC_3_c,0
PLDAGAT_HDE_EPA_HDE_PC_6_c,0
PLDAGAT_HDE_HDE_HDE_PC_3_c,0
PLDAGAT_HDE_HDE_HDE_PC_6_c,0
PLDAGAT_HDE_EPA_EPA_PC_3_c,0
PLDAGAT_HDE_EPA_EPA_PC_6_c,0
PLDAGAT_HDE_EPA_EPA_PE_14_c,0
PLDAGAT_EPA_EPA_ARA_PC_3_c,0
PLDAGAT_EPA_EPA_ARA_PC_7_c,0
PLDAGAT_EPA_EPA_EPA_PC_3_c,0
PLDAGAT_EPA_EPA_EPA_PC_6_c,0
PLDAGAT_EPA_EPA_EPA_PE_14_c,0
TAGAH_HDE_ARA_ARA_c,0
TAGAH_OLE_HDE_OLE_c,0
TAGAH_OLE_PALM_PALM_c,0
TAGAH_DHA_EPA_ARA_c,0
TAGAH_DHA_EPA_DHA_c,0
TAGAH_OLE_EPA_DHA_c,0
TAGAH_HDE_PALM_LNA_c,0
TAGAH_OLE_PALM_HDE_c,0
TAGAH_HDE_ARA_PALM_c,0
TAGAH_HDE_HDE_GLNA_c,0
TAGAH_HDE_HDE_LNA_c,0
TAGAH_OLE_HDE_HDE_c,0
TAGAH_HDE_ARA_HDE_c,0
TAGAH_HDE_EPA_GLNA_c,0
TAGAH_HDE_EPA_ARA_c,0
TAGAH_HDE_EPA_DHA_c,0
TAGAH_HDE_EPA_LNA_c,0
TAGAH_HDE_EPA_OLE_c,0
TAGAH_EPA_EPA_LNA_c,0
TAGAH_EPA_EPA_GLNA_c,0
TAGAH_EPA_EPA_DHA_c,0
TAGAH_OLE_EPA_EPA_c,0
TAGAH_HDE_EPA_PALM_c,0
TAGAH_EPA_EPA_PALM_c,0
TAGAH_HDE_EPA_HDE_c,0
TAGAH_HDE_HDE_HDE_c,0
TAGAH_HDE_EPA_EPA_c,0
TAGAH_EPA_EPA_ARA_c,0
TAGAH_EPA_EPA_EPA_c,0
DAGAH_HDE_PALM_c,0
DAGAH_HDE_HDE_c,0.000392447
DAGAH_HDE_STC_c,0
DAGAH_HDE_OLE_c,0
DAGAH_HDE_EPA_c,0
DAGAH_HDE_DHA_c,0
DAGAH_OLE_PALM_c,0
DAGAH_OLE_HDE_c,0
DAGAH_OLE_STC_c,0
DAGAH_OLE_OLE_c,0
DAGAH_OLE_EPA_c,0
DAGAH_OLE_DHA_c,0
DAGAH_EPA_PALM_c,0
DAGAH_EPA_HDE_c,0
DAGAH_EPA_STC_c,0
DAGAH_EPA_OLE_c,0
DAGAH_EPA_EPA_c,0
DAGAH_EPA_DHA_c,0
DAGAH_DHA_PALM_c,0
DAGAH_DHA_HDE_c,0
DAGAH_DHA_STC_c,0
DAGAH_DHA_OLE_c,0
DAGAH_DHA_EPA_c,0
DAGAH_DHA_DHA_c,0
DAGAH_HDE_LNA_c,0
DAGAH_LNA_LNA_c,0
DAGAH_EPA_LNA_c,0
DAGAH_HDE_GLNA_c,0
DAGAH_EPA_GLNA_c,0
DAGAH_HDE_ALNA_c,0
DAGAH_EPA_ALNA_c,0
DAGAH_HDE_ARA_c,0
DAGAH_EPA_ARA_c,0
MAGAH1619Z_c,0.000392447
MAGAH1819Z_c,0
MAGAH2055Z8Z11Z14Z17Z_c,0
MAGAH2264Z7Z10Z13Z16Z19Z_c,0
MAGAH1829Z12Z_c,0
PLA2PA_EPA_MYRS_c,0
PLA2PA_EPA_PALM_c,0
PLA2PA_EPA_HDE_c,0
PLA2PA_EPA_STC_c,0
PLA2PA_EPA_OLE_c,0
PLA2PA_EPA_EPA_c,0
PLA2PA_EPA_DHA_c,0
PLA2PA_EPA_LNA_c,0
PLA2PA_EPA_GLNA_c,0
PLA2PA_EPA_ALNA_c,0
PLA2PA_EPA_ARA_c,0
EPALPAt_h,0.0045686
G3PAT140_h,0.003737531
G3PAT160_h,0
G3PAT1619Z_h,0.134418926
AGPATACP_MYRS_PALM_h,0.003567995
AGPATACP_MYRS_HDE_h,0.000169536
AGPATACP_PALM_PALM_h,0
AGPATACP_HDE_PALM_h,0.000826397
AGPATACP_HDE_HDE_h,0.133592529
AGPATACP_EPA_PALM_h,0.001503324
AGPATACP_EPA_HDE_h,0.002850516
PAPA_MYRS_PALM_h,0.003567995
PAPA_MYRS_HDE_h,0.000169536
PAPA_HDE_PALM_h,0.000826397
PAPA_HDE_HDE_h,0.133592529
PAPA_EPA_PALM_h,0.000214761
PAPA_EPA_HDE_h,0.002850516
GALE_h,0.011411228
MGDGS_HDE_PALM_h,0
MGDGS_HDE_HDE_h,0.007272149
MGDGS_EPA_HDE_h,0.002850516
MGDGD12DS_HDE_HDDE_sn2_h,0.007272149
MGDGD12DS_EPA_HDDE_sn2_h,0.001561953
MGDGD6DS_HDE_HDTE_sn2_h,0.005048787
MGDGD6DS_EPA_HDTE_sn2_h,0.001561953
MGDGD15DS_EPA_HDTTE_sn2_h,0.001561953
DGDGS_EPA_HDE_h,0.001288563
DGDGS_EPA_HDDE_h,0
SQDGS_MYRS_PALM_h,0.003536891
SQDGS_MYRS_HDE_h,0
SQDGS_HDE_PALM_h,0
SQDGS_EPA_PALM_h,0.000214761
CDPDAGS_HDE_PALM_h,0
CDPDAGS_EPA_PALM_h,0.001288563
PGPS_PALM_PALM_m,0
PGPS_HDE_PALM_h,0
PGPS_EPA_PALM_h,0.001288563
PGPP_HDE_PALM_h,0
PGPP_EPA_PALM_h,0.001288563
PGD3TDS_EPA_HDE3T_h,0.001288563
GGGT_EPA_HDE_3_h,0
GGGT_EPA_HDE_4_h,0
GGGT_EPA_HDE_8_h,0
GGGT_EPA_HDDE_3_h,0
GGGT_EPA_HDDE_4_h,0
GGGT_EPA_HDDE_8_h,0
AACPDAGAT_HDE_PALM_OLE_h,0.000826397
AACPDAGAT_HDE_HDE_PALM_h,0.125763756
AACPDAGAT_HDE_HDE_HDE_h,0
AACPDAGAT_HDE_HDE_OLE_h,0.000535551
MGDGH_HDE_PALM_h,0
MGDGH_HDE_HDE_h,0
MGDGH_EPA_HDE_h,0
MGDGH_HDE_HDDE_h,0.000216837
MGDGH_EPA_HDDE_h,0
MGDGH_HDE_HDTE_h,0
MGDGH_EPA_HDTE_h,0
MGDGH_EPA_HDTTE_h,0
DGDGH_EPA_HDE_h,0
DGDGH_EPA_HDDE_h,0
FACOAL_164_6Z9Z12Z15Z_c,0
ACOADAGAT_HDE_DHA_HDTTE_c,0
ACOADAGAT_DHA_EPA_HDTTE_c,0
ACOADAGAT_HDE_EPA_HDTTE_c,0
ACOADAGAT_EPA_EPA_HDTTE_c,0
ACOADAGAT_HDE_EPA_HDTE_c,0
ACOADAGAT_EPA_EPA_HDTE_c,0
G3MGt_c,0.000216837
G3DG_tc,0
G3DGGH_c,0
G3MGGH_c,0.000216837
GALE_c,0.104347673
FAC200_tx,0
FAC204_tx,0
FAC205_tx,0
FAC220_tx,0
FAC226_tx,0
FAC240_tx,0
FACOAL_C200_x,0
FACOAL_C204_x,0
FACOAL_C205_x,0
FACOAL_C220_x,0
FACOAL_C226_x,0
FACOAL_C240_x,0
ACOAOX240_x,0
ECH241_2E_x,0
HADH240_x,0
KAT240_x,0
ACOAOX220_x,0
ECH221_2E_x,0
HADH220_x,0
KAT220_x,0
ACOAOX200_x,0
ECH201_2E_x,0
HADH200_x,0
KAT200_x,0
ACOAOX180_x,0
ECH181_2E_x,0
HADH180_x,0
KAT180_x,0
ACOAOX160_x,0
ECH161_2E_x,0
HADH160_x,0
KAT160_x,0
ACOAOX140_x,0
ECH141_2E_x,0
HADH140_x,0
KAT140_x,0
ACOAOX120_x,0
ECH121_2E_x,0
HADH120_x,0
KAT120_x,0
ACOAOX100_x,0
ECH101_2E_x,0
HADH100_x,0
KAT100_x,0
ACOAOX204_5Z8Z11Z14Z_x,0
ECH205_2E5Z8Z11Z14Z_x,0
HADH204_3H5Z8Z11Z14Z_x,0
KAT204_3OXO5Z8Z11Z14Z_x,0
ECOAI184_3Z6Z9Z12Z_x,0
ECH184_2E6Z9Z12Z_x,0
HADH183_3H6Z9Z12Z_x,0
KAT183_3OXO6Z9Z12Z_x,0
ACOAOX163_4Z7Z10Z_x,0
DECOAR164_2E4Z7Z10Z_x,0
ECOAI163_3E7Z10Z_x,0
ECH163_2E7Z10Z_x,0
HADH162_3H7Z10Z_x,0
KAT162_3OXO7Z10Z_x,0
ACOAOX142_5Z8Z_x,0
ECH143_2E5Z8Z_x,0
HADH142_3H5Z8Z_x,0
KAT142_3OXO5Z8Z_x,0
ECOAI122_3Z6Z_x,0
ECH122_2E6Z_x,0
HADH121_3H6Z_x,0
KAT121_3OXO6Z_x,0
ACOAOX101_4Z_x,0
DECOAR102_2E4Z_x,0
ECOAI101_3E_x,0
ACOAOX205_5Z8Z11Z14Z17Z_x,0
ECH206_2E5Z8Z11Z14Z17Z_x,0
HADH205_3H5Z8Z11Z14Z17Z_x,0
KAT205_3OXO5Z8Z11Z14Z17Z_x,0
ECOAI185_3Z6Z9Z12Z15Z_x,0
ECH185_2E6Z9Z12Z15Z_x,0
HADH184_3H6Z9Z12Z15Z_x,0
KAT184_3OXO6Z9Z12Z15Z_x,0
ACOAOX164_4Z7Z10Z13Z_x,0
DECOAR165_2E4Z7Z10Z13Z_x,0
ECOAI164_3E7Z10Z13Z_x,0
ECH164_2E7Z10Z13Z_x,0
HADH163_3H7Z10Z13Z_x,0
KAT163_3OXO7Z10Z13Z_x,0
ACOAOX143_5Z8Z11Z_x,0
ECH144_2E5Z8Z11Z_x,0
HADH143_3H5Z8Z11Z_x,0
KAT143_3OXO5Z8Z11Z_x,0
ECOAI123_3Z6Z9Z_x,0
ECH123_2E6Z9Z_x,0
HADH122_3H6Z9Z_x,0
KAT122_3OXO6Z9Z_x,0
ACOAOX102_4Z7Z_x,0
DECOAR103_2E4Z7Z_x,0
ECOAI102_3E7Z_x,0
ECH102_2E7Z_x,0
HADH101_3H7Z_x,0
KAT101_3OXO7Z_x,0
ACOAOX226_4Z7Z10Z13Z16Z19Z_x,0
DECOAR227_2E4Z7Z10Z13Z16Z19Z_x,0
ECOAI226_3E7Z10Z13Z16Z19Z_x,0
ECH226_2E7Z10Z13Z16Z19Z_x,0
HADH225_3H7Z10Z13Z16Z19Z_x,0
KAT225_3OXO7Z10Z13Z16Z19Z_x,0
PEROX_x,0
CATCAC_x,0
CATCOC_x,0
CATC5ZOC_x,0
TMLT_c,0
TMLt_m,0
TMLOX_m,0
HMDHPS_c,0
ADCL_c,0
HPPK_c,0
MTHF3ES_c,0
HTMLA_m,0
TMABDH1_m,0
GBBOX_m,0
ACCARNt_c,0
OCTCARN_tc,0
OCT5ZCARN_tc,0
CATC1819Z_c,0
CATC160_c,0
CATC180_c,0
CATC1829Z12Z_c,0
CATC1836Z9Z12Z_c,0
CATC1839Z12Z15Z_c,0
CATC140_c,0
CATC1619Z_c,0
CATC1629Z12Z_c,0
CATC1636Z9Z12Z_c,0
CATC1646Z9Z12Z15Z_c,0
CARNACt_m,0
CARN80t_m,0
CARN815t_m,0
CARN1819Zt_m,0
CARN160t_m,0
CARN180t_m,0
CARN1829Z12Zt_m,0
CARN1836Z9Z12Zt_m,0
CARN1839Z12Z15Zt_m,0
CARN140t_m,0
CARN1619Zt_m,0
CARN1629Z12Zt_m,0
CARN1636Z9Z12Zt_m,0
CARN1646Z9Z12Z15Zt_m,0
CAT2AC_m,0
CAT280_m,0
CAT2815_m,0
CAT21819Z_m,0
CAT2160_m,0
CAT2180_m,0
CAT21829Z12Z_m,0
CAT21836Z9Z12Z_m,0
CAT21839Z12Z15Z_m,0
CAT2140_m,0
CAT21619Z_m,0
CAT21629Z12Z_m,0
CAT21636Z9Z12Z_m,0
CAT21646Z9Z12Z15Z_m,0
G3PDH_m,0
ACOADH180_m,0
ECH181_2E_m,0
HADH180_m,0
KAT180_m,0
ACOADH160_m,0
ECH161_2E_m,0
HADH160_m,0
KAT160_m,0
ACOADH140_m,0
ECH141_2E_m,0
HADH140_m,0
KAT140_m,0
ACOADH120_m,0
ECH121_2E_m,0
HADH120_m,0
KAT120_m,0
ACOADH100_m,0
ECH101_2E_m,0
HADH100_m,0
KAT100_m,0
ACOADH80_m,0
ECH81_2E_m,0
HADH80_m,0
KAT80_m,0
ACOADH60_m,0
ECH61_2E_m,0
HADH60_m,0
KAT60_m,0
ACOADH40_m,0
ECH41_2E_m,3.263729352
HADH40_m,3.263729352
ACACT_m,3.263729352
ACOADH81_5Z_m,0
ECH82_2E5Z_m,0
HADH81_3H5Z_m,0
KAT81_3OXO5Z_m,0
ECOAI61_3Z_m,0
ACOADH181_9Z_m,0
ECH182_2E9Z_m,0
HADH181_3H9Z_m,0
KAT181_3OXO9Z_m,0
ACOADH161_7Z_m,0
ECH162_2E7Z_m,0
HADH161_3H7Z_m,0
KAT161_3OXO7Z_m,0
ACOADH141_5Z_m,0
ECH142_2E5Z_m,0
HADH141_3H5Z_m,0
KAT141_3OXO5Z_m,0
ECOAI121_3Z_m,0
ACOADH182_9Z12Z_m,0
ECH183_2E9Z12Z_m,0
HADH182_3H9Z12Z_m,0
KAT182_3OXO9Z12Z_m,0
ACOADH162_7Z10Z_m,0
ECH163_2E7Z10Z_m,0
HADH162_3H7Z10Z_m,0
KAT162_3OXO7Z10Z_m,0
ACOADH142_5Z8Z_m,0
ECH143_2E5Z8Z_m,0
HADH142_3H5Z8Z_m,0
KAT142_3OXO5Z8Z_m,0
ECOAI122_3Z6Z_m,0
ECH122_2E6Z_m,0
HADH121_3H6Z_m,0
KAT121_3OXO6Z_m,0
ACOADH101_4Z_m,0
DECOAR102_2E4Z_m,0
ECOAI101_3E_m,0
ACOADH183_6Z9Z12Z_m,0
ECH184_2E6Z9Z12Z_m,0
HADH183_3H6Z9Z12Z_m,0
KAT183_3OXO6Z9Z12Z_m,0
ACOADH163_4Z7Z10Z_m,0
DECOAR164_2E4Z7Z10Z_m,0
ECOAI163_3E7Z10Z_m,0
ACOADH183_9Z12Z15Z_m,0
ECH184_2E9Z12Z15Z_m,0
HADH183_3H9Z12Z15Z_m,0
KAT183_3OXO9Z12Z15Z_m,0
ACOADH163_7Z10Z13Z_m,0
ECH164_2E7Z10Z13Z_m,0
HADH163_3H7Z10Z13Z_m,0
KAT163_3OXO7Z10Z13Z_m,0
ACOADH143_5Z8Z11Z_m,0
ECH144_2E5Z8Z11Z_m,0
HADH143_3H5Z8Z11Z_m,0
KAT143_3OXO5Z8Z11Z_m,0
ECOAI123_3Z6Z9Z_m,0
ECH123_2E6Z9Z_m,0
HADH122_3H6Z9Z_m,0
KAT122_3OXO6Z9Z_m,0
ACOADH102_4Z7Z_m,0
DECOAR103_2E4Z7Z_m,0
ECOAI102_3E7Z_m,0
ECH102_2E7Z_m,0
HADH101_3H7Z_m,0
KAT101_3OXO7Z_m,0
ACOADH161_9Z_m,0
ECH162_2E9Z_m,0
HADH161_3H9Z_m,0
KAT161_3OXO9Z_m,0
ACOADH141_7Z_m,0
ECH142_2E7Z_m,0
HADH141_3H7Z_m,0
KAT141_3OXO7Z_m,0
ACOADH121_5Z_m,0
ECH122_2E5Z_m,0
HADH121_3H5Z_m,0
KAT121_3OXO5Z_m,0
ECOAI101_3Z_m,0
ACOADH162_9Z12Z_m,0
ECH163_2E9Z12Z_m,0
HADH162_3H9Z12Z_m,0
KAT162_3OXO9Z12Z_m,0
ACOADH142_7Z10Z_m,0
ECH143_2E7Z10Z_m,0
HADH142_3H7Z10Z_m,0
KAT142_3OXO7Z10Z_m,0
ACOADH122_5Z8Z_m,0
ECH123_2E5Z8Z_m,0
HADH122_3H5Z8Z_m,0
KAT122_3OXO5Z8Z_m,0
ECOAI102_3Z6Z_m,0
ECH102_2E6Z_m,0
HADH101_3H6Z_m,0
KAT101_3OXO6Z_m,0
ACOADH81_4Z_m,0
DECOAR82_2E4Z_m,0
ECOAI81_3E_m,0
ACOADH163_6Z9Z12Z_m,0
ECH164_2E6Z9Z12Z_m,0
HADH163_3H6Z9Z12Z_m,0
KAT163_3OXO6Z9Z12Z_m,0
ACOADH143_4Z7Z10Z_m,0
DECOAR144_2E4Z7Z10Z_m,0
ECOAI143_3E7Z10Z_m,0
ACOADH164_6Z9Z12Z15Z_m,0
ECH165_2E6Z9Z12Z15Z_m,0
HADH164_3H6Z9Z12Z15Z_m,0
KAT164_3OXO6Z9Z12Z15Z_m,0
ACOADH144_4Z7Z10Z13Z_m,0
DECOAR145_2E4Z7Z10Z13Z_m,0
ECOAI144_3E7Z10Z13Z_m,0
ECH144_2E7Z10Z13Z_m,0
HADH143_3H7Z10Z13Z_m,0
KAT143_3OXO7Z10Z13Z_m,0
ACOADH123_5Z8Z11Z_m,0
ECH124_2E5Z8Z11Z_m,0
HADH123_3H5Z8Z11Z_m,0
KAT123_3OXO5Z8Z11Z_m,0
ECOAI103_3Z6Z9Z_m,0
ECH103_2E6Z9Z_m,0
HADH102_3H6Z9Z_m,0
KAT102_3OXO6Z9Z_m,0
ACOADH82_4Z7Z_m,0
DECOAR83_2E4Z7Z_m,0
ECOAI82_3E7Z_m,0
ECH82_2E7Z_m,0
HADH81_3H7Z_m,0
KAT81_3OXO7Z_m,0
ACOADH61_5Z_m,0
ECH62_2E5Z_m,0
HADH61_3H5Z_m,0
KAT61_3OXO5Z_m,0
BUT3ZI_m,0
OCACPSST_m,0
LIPPT_m,0
ACCOAC_m,0
MCOATA_m,0
ACOATA_m,0
3OAS40_m,0
3OAR40_m,0
3HAD41_m,0
EAR40_m,0
3OAS60_m,0
3OAR60_m,0
3HAD61_m,0
EAR60_m,0
3OAS80_m,0
3OAR80_m,0
3HAD81_m,0
EAR80_m,0
3OAS100_m,0
3OAR100_m,0
3HAD101_m,0
EAR100_m,0
3OAS120_m,0
3OAR120_m,0
3HAD121_m,0
EAR120_m,0
3OAS140_m,0
3OAR140_m,0
3HAD141_m,0
EAR140_m,0
3OAS160_m,0
3OAR160_m,0
3HAD161_m,0
EAR160_m,0
FA160ACPH_m,0
FACOAL_160_m,0
G3PAT160_m,0
AGPATCOA_PALM_PALM_m,0
CDPDAGS_PALM_PALM_m,0
PGPP_PALM_PALM_m,0
CLS_m,0
CLM_m,0
ORPRT_c,-0.023199508
UDPH_c,0
UTPH_c,0
CDPH_c,0
CTPH_c,0
DTDPH_c,0
DTTPH_c,0
ATUD_c,0.700022148
ATDUD_c,0
ATCD_c,0.081207234
ATDCD_c,0.0004864
ATDTD_c,0.000510969
UTPPH_c,0
DUTPPH_c,0
ATCY_c,0
DATCY_c,0
DCTCP_c,0
GTCY_c,0
ITCY_c,0
UTCY_c,0
AUPT_c,0
DATUP_c,0
DUTUP_c,0
GTUP_c,0
ITUP_c,0
UTUP_c,0
UMPP_c,0
CMP_c,0
NTD1_c,0
TPH_c,0
YUMPS_c,0
UPRT_c,0
CSDA_c,0
5MCSDA_c,0
DCMAH_c,0.000510969
DURIPP_c,0
TMDPP_c,0
DHRDH_c,0.023199508
ATCM_c,0.082204603
ATDCM_c,-0.000510969
PRDPAR_c,0.023199508
FPGFT_c,0.023199508
AAL(fum)_c,0.04350729
AIAL_c,0.023199508
APPRT_c,0
GPAR_c,-0.101396241
FPAIF_c,0.054820949
ICH_c,0.054820949
ADPH_c,0
GDPH_c,0
GTPH_c,0
IDPA_c,0
ITPA_c,0
HPRT_c,0
XPPRT_c,0
DMPH_c,0
GMP5N_c,-0.101396241
I5NT_c,0
X5NT_c,0
AMP5N_c,0
DAMPH_c,0
PUNP1_c,0
PUNP2_c,0
PUNP3_c,-0.101396241
PUNP4_c,0
PUNP5_c,0
PUNP6_c,0
PUNP7_c,0
ADNK_c,0.024309137
ADNDA_c,0
ADEDA_c,0
HXANDH_c,0
XANDH_c,0
URO_c,0
HIUH_c,0
ATNAH_c,0
ATAH_c,0
UREAt_m,0
ATID_c,0
ATGD_c,5.199592559
ATDGD_c,0.0004864
NDPK_c,0.000510969
ITPP_c,0
DGTD_c,0
NTDP_c,0
SUAT_c,0
BTP_c,0
BTPS_c,0
ADEC_c,0
AGPT_c,0.011313659
ATDGM_c,0
GDTP_c,0
GUAC_c,0
GTPDPK_c,0
ME2_m,10.59121645
ICDH_m,3.933627298
SULO_m,0
BPNT2_h,101.2965602
OMPDC_c,0.023199508
RUBISO_h,44.5897015
BCTAI_c,0
BCTAI_m,-3.366548247
BCTAL_c,0
BCTAL_m,0.183865067
BCTAV_c,0
BCTAV_m,8.960703677
I3OXD_m,0.183865067
TRPIL_c,0
ORNDC_c,0
ARGDC_c,0
AGMDI_c,0
AKGR_m,0
ADMDC_c,0
AMSAPT_c,0
SOOR_c,0
SDOOR_c,0
SACCD_c,3.263729352
AASS_c,3.263729352
AASDH1_c,3.263729352
AASDH2_c,0
OXOADPt_m,3.263729352
OADPDH_m,3.263729352
GCDH_m,3.263729352
AOATA_h,0
AOATA_m,0
GOATA_h,0
GOATA_m,0
OXOGAH_h,0
OXOGAH_m,0
OXOSUCAH_h,0
OXOSUCAH_m,0
ABPTA_m,0
ABGTA_m,0
ABOTA_m,0
SSAL1_m,0
GF6PTA_c,0
TYRTA_c,7.78E-15
34HPPOR_c,7.78E-15
MACACI_c,0
ISOVCOADH_m,0
HMGCOAS_m,0
OCOAT_m,7.19E-15
IBCOAD_m,8.960703677
2MBCOAD_m,3.366548247
2MBCOAH_m,3.366548247
2MPCOAH_m,8.960703677
3HIBCOAHL_m,8.960703677
3HIBDH_m,8.960703677
3H2MBCOAOR_m,3.366548247
PPCOAC_m,12.32725192
MME_m,12.32725192
MMM_m,12.32725192
CHOLD_c,0
DMGt_m,0
DMGDH_m,0
SARDH_m,0
CGS_m,0
HCYSt_m,0
ACCS_c,0
MAN6PI_c,0.223176551
MAN1PT_c,0.223176551
GDPMEP_c,-0.000216837
GDPGALPL_c,-0.000216837
GAL1PP_c,0
GALDH_c,0
G14LACt_m,0
GLACDH_m,0
ASCBt_m,0
ASCBt_h,0
ASCBPOX_c,0
ASCBPOX_h,14.6723368
ASCBPOX_m,44.5897015
DHAOX_c,0
DHAOX_h,14.67244839
DHAOX_m,44.5897015
ACCS_h,0
ACCOX_c,0
5MTAt_m,0
5MTRt_m,0
MDRPD_c,0
DKPPHL_c,0
DH5MTPOXR_c,0
MTOBTA_c,0
CYSTA_c,0
MCPST_c,0
MCPST_m,0
CA_h,-3.003150143
CA_m,-12.32725192
EX_co2_e,-27.28360886
CO2t_e,27.28360886
CO2t_m,-52.54216466
CO2t_h,80.06121058
EX_hco3_e,0
NAHCO3t_h,-0.020021274
NAHCO3t_m,0
NAHCO3CLt_e,0
EX_no2_e,0
EX_no3_e,-3.445984719
EX_nh4_e,0
NO2t_e,0
NO3t_e,3.445984719
NO2t_h,3.445984719
NH4t_h,7.268252213
NTRIR_h,0
CYNTL_m,0
GLUDH_m,-14.52484374
CYOR_m,0
CYOO_m,0
GLCNACT_c,0
BDMT_c,0
G13MT_c,0
G16MT_c,0
G12MT1_c,0
G12MT2_c,0
DOLPMT1_c,0
G12MT3_c,0
G12MT4_c,0
DOLPMT2_c,0
DOLK_c,0
DOLDPP_c,0
UDPDOLPT_c,0
DOLPGT1_c,0
DOLPGT2_c,0
DOLPGT3_c,0
DOLASNT_c,0
MG1_c,0
MM1_c,0
MM2_c,0
DM_m2masn_c,0
BHMT_c,0
AATA_c,3.263729352
HMGCOAt_m,-5.87E-16
HMGCOAR_c,5.87E-16
MEVK_c,5.87E-16
PMEVK_c,5.87E-16
DPMVD_c,5.87E-16
MECDPS_h,0.074580333
GRDPt_c,7.34E-17
IPDPt_m,5.14E-16
NPDPS_h,-7.34E-17
HGENTISt_h,0
NPDPt_h,7.34E-17
HST_h,0
HPT_h,0
DTOCOC_h,0
GTOCOC_h,0
BTOCOMT_h,0
HPPOXR_m,0
HPLHL_m,0
COUCOAF_m,0
4HBZCOAF_m,0
4HBZF_m,0
HBZNPT_m,0
3NPHBH1_m,0
3NPHBH2_m,0
DHNPBMT_m,0
NPHMBDC_m,0
COQ6_m,0
COQ5_m,0
COQ7_m,0
COQ3_m,0
SQLE_c,0
CAMT_c,0
MCAO_c,0
FCSTOLS_c,0
FCSTOLI_c,0
EPISTLDS_c,0
DHEPSTRLDS_c,0
ERGSTOLR_c,0
BRASSSTRLS_c,0
3DSPHR_c,0
SLCBK1_c,0
DHCERS18_c,0
CERDA18_c,0
DHCERD4DS_c,0
CRMDA18_c,0
CERD8DS_c,0
SLCBK2_c,0
SPHAPPL_c,0
SPHPPL_c,0
SLCBPH1_c,0
SLCBPH2_c,0
PDYXPT_c,0
PYDXDH_c,0
PYRDX5Pt_h,0
AMPMS_h,0
PMPK_h,0
CYSDS_h,0
THISAT_h,0
THII_h,0
GLYCOX1_h,6.143150862
GLYCOX2_h,6.143150862
DXYTST_h,0
THZT_h,0
TMPPP_h,0
TMPPH_h,0
TMPK_c,0
TMPPK_c,0
TMTP_h,0
TMN_c,0
AHMMPt_h,0
HMPK_h,0
ICHORS_h,0
SEPHCHCS_h,0
SHCHCS_h,0
SUCBZS_h,0
SUCBZt_x,0
SUCBZL_x,0
SBZCOADH_x,0
DHNAt_x,0
PIMACPS_m,0
AOXS_m,0
AMAOT_m,0
DBTS_m,0
BTS_m,0
BTNPL_m,-5.14E-16
GTPCII_h,0
DHPPDA_h,0
APRAUR_h,0
PMDPHT_h,0
DB4PS_h,0
DMRLMS_h,0
RBFS_h,0
RBFK_h,0
RBFK_c,0
FMNACP_h,0
FMNAT_h,0
FADR_h,0
FADDP_h,0
GLUNA1t_h,-0.635317506
GLUNA1t_m,0.675668039
GLNTL_c,0.118344813
GLNTL_h,0
GLNt_h,-41.6977399
GLNt_m,41.89410517
ALATL_c,0.270928736
ALATL_h,0
ALANA1t_h,0.270928736
ALANA1t_m,0
ASPTL_c,0.101879676
ASPNA1t_h,-7.047952858
ASPNA1t_m,1.131734678
ASNTL_h,0
ASNNA1t_h,0
ASNNA1t_m,0
GLYNA1t_h,-6.143150862
GLYNA1t_m,6.294335855
THRNA1t_h,3.627582195
THRNA1t_m,0
SERTL_h,0
SECYSTL_c,0
SECYSTL_h,0
SERNA1t_h,0
SERNA1t_m,4.041648285
CYSTL_h,0
CYSt_h,0
CYSt_m,0
METt_m,0
VALt_h,9.11297348
VALt_m,-8.960703677
LEUTL_h,0
LEUt_h,0
LEUt_m,0.183865067
ILEt_h,3.483558049
ILEt_m,-3.366548247
LYSt_h,3.381131805
LYSt_m,0
HISTL_h,0
HISt_h,0
PHETL_c,0.121669253
PHETL_h,0
PHEt_h,0
PHEt_m,0
TYRTL_m,0
TYRt_h,0.068268806
TYRt_m,0
TRPTL_h,0
TRPt_h,0
EX_biotin_e,0
EX_fe2_e,0
EX_h_e,-3.5492198
EX_h2o_e,-20.52618783
EX_o2_e,37.58902682
EX_pi_e,-0.348223611
EX_na1_e,0
EX_so4_e,-0.065867149
EX_hso3_e,0
EX_mg2_e,-0.009847198
GLYCLTt_c,44.5897015
GLYCLTt_m,44.5897015
GLYCLTt_x,0
GLYCLTt_e,0
EX_glyclt_e,0
GOX_x,0
GOX_m,44.5897015
MALt_x,6.143150862
ICITt_x,0
GLYCLTD_m,0
PEPPIt_h,0
ALPL_m,0
DHPNTR_m,0
BAMPPALDOX_c,0
PNTK_m,0
PPDCDC_m,0
DPCOAK_c,0
ASPOR_m,-3.50E-14
QULNS_m,-3.50E-14
NNDPR_c,-3.50E-14
NNAT_c,0
DNADDP_c,3.50E-14
NADS_c,-3.50E-14
THD1_h,0
FTHFCL_c,0
MTHFD2_c,0
MTHFD2_m,0
UPPS_h,0.009847198
PHEMEFT_c,0
DHBILVOX_h,0
PHYEBILIN_h,0
MPOXR_h,0.009847198
CHLPC1S_h,0.000252784
CHLPC2S_h,0.000523502
PHYPQOX_h,0
ZISO_h,0
ZCARDS_h,0
PLYCOI_h,0
LYCBC2_h,0.00669466
PHYDS4S_h,0
BCAROXR_h,0.006201293
ZXANEPOX_h,0.006201293
ANTHXANEPOX_h,0.006201293
NSY_h,-0.006201293
VIOXANDE_h,0
ANTHXANDE_h,0
FXANS_h,0.004193924
DIADINX_h,0.002007369
DIADINXDE_h,0.000111587
DIATOXEPOX_h,0
EX_selt_e,0
SELTt_e,0
SLDK_c,0
ACSERL_c,0
ACSERL_h,0
ACSERL_m,0
SELCYSLY2_h,0
ACHMSSELCYSL_m,0
SEAHCYSHYD_c,0
SEMETTL_c,0
SEMETHL_c,0
GDR_h,0
GDR_c,0
GDR_m,44.5897015
GDR_NADP_h,14.67244839
GDR_NADP_c,0
GDR_NADP_m,0
GTHP_c,0
FNOR_h,339.197998
EX_glc_e,0
EX_cl_e,0
O2t_e,-37.58902682
O2t_h,-144.7047317
O2t_m,107.0517906
O2t_u,-210.0848076
O2t_x,0
H2Ot_e,20.52618783
H2Ot_h,144.1987966
H2Ot_m,-160.8656057
H2Ot_u,420.1695037
H2Ot_x,6.143150862
CITRLt_m,-0.11402566
CBPt_m,-0.023199508
CHORt_h,-0.189938059
PPOR_c,0
34HPPt2_m,0
3C4MOPt_h,-0.183865067
3C4MOPt_m,0.183865067
2OBUTt_h,3.483558049
2OBUTt_m,0
ANTHt_h,-0.023375784
G3PL_c,0
5FTHFt_m,0
FAC1629Z12Zt_c,0.000216837
ALABt_m,0
AMPt_h,-0.132860067
AMPt_m,5.14E-16
AMPt_x,1.04E-15
CMPt_h,-0.075868896
CMPt_m,0
FK_c,0
F1PGT_c,0
GMAND_c,0.054923279
GFUCS_c,0.054923279
PFP_c,3.970930647
RBKRPE_h,0
XYLK_c,0
XYLI_c,0
GALT_c,0
GALK_c,0.000216837
UDPGLDC_c,0.070370744
TRE6PSP_c,0
UDPRHMS_c,0.031344583
CPS_m,0
CPS_c,0
FE2GTPabc_e,0
FE2t_h,0
NH4t_e,0
NH4t_m,0
PIt_e,2.721038279
PIt_h,41.34218446
PIt_m,39.36978118
PIt_x,0
SO4t_e,-3.135129039
SO4t_h,0.065867149
SO4t_m,0
SO3t_m,0
SO3t_h,0
NADK_m,0
Ht_x,-6.143150862
ATPt_h,0
ATPt_m,39.34658167
ATPM_c,0
EX_thm_e,0
ALATA_L_m,0
MSBENZMT_h,0
DHNANT_h,0
AMPQT_h,0
QULNt_c,-3.50E-14
NADt_h,0
NADt_m,-3.50E-14
NADPt_x,0
NADt_x,0
ATPt_x,0
ACCOAt_x,6.143150862
COAt_m,0
COAt_h,-6.52E-17
DPCOAt_m,0
CATCAC_c,0
FADt_x,0
FADt_h,0
FMNt_h,0
THMt_h,0
THMPPt_h,0
THMPPt_m,0
BIOTINt_c,0
BIOTINt_h,0
AMETt_h,0.009847198
AMETt_m,0
THFt_m,0
MTHFt_m,0
ACS_h,0
SUCCt_x,0
PPA_x,0
ETFQO_m,42.08413063
BACCL_h,0
UTPt_h,0.016307714
UDPt_h,0.01516288
GTPt_h,0
DMPPt_h,7.34E-17
GLXt_h,6.143150862
GLXt_x,6.143150862
AHCYSt_m,0
MG2t_h,0.009847198
PHEMEt_h,0
PTRCt_m,0
ACACt_m,0
AIRt_h,0
HEMEOt_m,0
H2St_h,0.049186
H2St_m,0
5MTAt_h,0
ADEt_m,0
AGMt_m,0
BILIVERDt_h,0
CTPt_m,0
HTHBPt_m,0
METt_h,0
MYOIt_h,0.000826397
MYOIt_m,0
EX_h2_e,0
SUCFUMt_m,0.023199508
BTNCCPP_c,0
ACCPF_c,0
BTND1_c,0
BTNCCPP_h,0
ACCPF_h,0
BTND1_h,0
BTNCCPP_m,-5.14E-16
ACCPF_m,-5.14E-16
BTND1_m,-5.14E-16
DM_phyt_c,0
DM_thmppp_c,0
DM_tre_c,0
PTPAT_m,0
FTR_h,0.054082485
NTRC_h,0
APSt_h,0
BPNT_h,0.054082485
CTPt_h,0.075868896
ADPHt_h,0.220513627
GLUTL_h,0.078777581
MG2t_e,0.009847198
ASPSAt_c,0.039238858
ASPSAt_m,0.039238858
ACHMSt_c,0.039238858
ACt_c,0
THBPt_m,0
EX_fol_e,0
FOLt_c,0
METHFt_m,0
PPA2_c,0
UPPG3t_h,0
TAG_HDE_HDE_OLEt_h,0.000535551
TAG_HDE_HDE_PALMt_h,0.125763756
TAG_HDE_PALM_OLEt_h,0.000826397
TAGAH_DHA_EPA_HDTTE_c,0
TAGAH_EPA_EPA_HDTE_c,0
TAGAH_EPA_EPA_HDTTE_c,0
TAGAH_HDE_DHA_HDTTE_c,0
TAGAH_HDE_EPA_HDTTE_c,0
TAGAH_HDE_HDE_OLE_c,0.000535551
TAGAH_HDE_HDE_PALM_c,0
TAGAH_HDE_PALM_OLE_c,0.000826397
CO2t_x,0
P5CR_m,0
ORNt_m,42.07949807
AHCYSt_c,0.009847198
HPTALt_m,0
ALDD3C7_c,0
ALDD3C16_c,0
ALDD3C161_c,0
FACOAL_70_c,0
FACOAL_161_2E_c,0
CATC162E_c,0
CATC70_c,0
CARN70t_m,0
CARN1612Et_m,0
CAT270_m,0
CAT21612E_m,0
FAOXC70_m,0
ACGAM6PS_c,0
ACGAMPM_c,0
UAGDP_c,0
NADHt_c,0
NADPt1_c,0
NADPt2_c,1.04E-15
FORt_c,0
RIBFLVt_c,0
FADt_c,0
FADt_m,-1.50E-13
CARNt_c,0
CARNt_x,0
LPAMt_c,0
LPAMt_h,0
AMOB_use_m,0
DAD5t_c,0
DAD5t_h,0
5DOAN_c,0
DM_5drib_c,0
DM_2mop_m,0
CYANt_m,0
THMPPPt_h,0
MI3PDt_m,0
MI3PDt_h,0.000826397
DM_fald_m,0
COt_c,0
COt_e,0
EX_co_e,0
FADH2t_c,0
GLUCYS_h,0
ORNt_h,-42.25427983
PDX5Pt_h,0
PPHNt_h,0.068268806
R1Pt_h,0
5HPUDICDC_c,0
ACALDt_m,0
sink_Asn-X-Ser_Thr_c,0
CAMPPDE_c,0
CPPPG3t_h,0
CMT2_c,0
DM_mhpglu_c,0
PHSERt_h,0
PPGPPDP_c,0
CYANt_c,0
EX_cyan_e,0
CYNTt_c,0
CYNTt_m,0
EX_cynt_e,0
TCYNTt_c,0
TCYNTt_m,0
EX_tcynt_e,0
LACDt_c,0
LACDt_m,0
EX_lac_d_e,0
ETOHt_c,0
EX_etoh_e,0
ATP2t_m,39.34658167
FRNDPR_m,0
DHDDS_c,0
DEDOLP1_c,0
DEDOLP2_c,0
DEDOLR_c,0
FRNDPR_c,0
CLt_h,0
CLt_e,0
CLt_m,0
PINAt_e,3.06926189
PINAt_h,41.57132757
NAHt_e,0
NAHt_h,56.45544744
NASO4t_e,-3.06926189
PYROHt_c,0
PYRONAt_c,0
ATPS1_c,0
XYLE_c,0.050426746
PAPSt_h,0.011784664
GDPMANST_c,0.011784664
BPNT_c,0.011784664
G3PAT180_h,0
AGPATACP_STC_HDE_h,0
PAPA_STC_HDE_h,0
MGDGS_STC_HDE_h,0
MGDGH_STC_HDE_h,0
MGDGD12DS_STC_HDDE_sn2_h,0
MGDGD6DS_STC_HDTE_sn2_h,0
MGDGH_STC_HDTE_h,0
AGPATACP_HDE_OLE_h,0
PAPA_HDE_OLE_h,0
MGDGS_HDE_OLE_h,0
MGDGH_HDE_OLE_h,0
MGDGD12DS_HDDE_HDTE_sn1_h,0
MGDGH_HDDE_HDTE_h,0
PAPA_PALM_PALM_h,0
SQDGS_PALM_PALM_h,0
UDPSQt_h,0.001144835
AGPATCOA_HDE_TTC_c,0.001144835
PAPA_HDE_TTC_c,0.001144835
SQDGS_HDE_TTC_c,0.001144835
SQDGD12DS_HDDE_PALM_sn1_h,0
ASQ_EPA_PALM_2OEPA_h,0.000214761
LPCAT_EPA_HDDE_c,0.000216837
ACPT_EPA_HDE_c,0
ACPT_EPA_EPA_c,0
AACPDAGAT_HDE_PALM_PALM_h,0
ACOADAGAT_HDE_PALM_PALM_c,0
ACOADAGAT_HDE_PALM_EPA_c,0
PLDAGAT_HDE_PALM_PALM_PC_3_c,0
PLDAGAT_HDE_PALM_PALM_PC_6_c,0
PLDAGAT_HDE_PALM_EPA_PC_3_c,0
PLDAGAT_HDE_PALM_EPA_PC_6_c,0
PLDAGAT_HDE_PALM_EPA_PE_14_c,0
TAG_HDE_PALM_PALMt_h,0
TAGAH_HDE_PALM_PALM_c,0
TAGAH_HDE_PALM_EPA_c,0
TAGAH_HDE_EPA_HDTE_c,0
DM_biomass_c,0
biomass_pigm_h,0.011701963
bof_c,0
CEF_h,39.04590325
NDHPQR_h,0
PTOX_h,0
DM_no3_c,0
MTOBR_c,0
MTHBMT_c,0
DMPSS_c,0
biomass_DNA_c,0.000614256
biomass_RNA_c,0.014224676
DM_dmsp_c,0
DM_indole_c,0
HISD_c,0
DM_for_c,1.11E-12
biomass_pro_c,0.261772272
AGAS_m,0
MEHLER_h,0
ATPM_h,0
ATPM_m,0
B13GS_c,0.294197357
AOX_m,62.40866647
ASCBt_u,0.000111587
DHASCBt_u,0.000111587
SOX_m,0
SOD_m,0
FNOR2_h,0
G3PAT182_9_12_c,0.000608193
AGPATCOA_LNA_LNA_c,0.000608193
CHOPT_LNA_LNA_c,0.000608193
FA140ACPH_h,0
PI4P5K_HDE_PALM_c,0
PIP5P_HDE_PALM_c,0
PIPLC_HDE_PALM_c,0
UREAt_e,0
EX_urea_e,0
biomass_struct_carb_c,0.093742773
biomass_plastid_lipids_h,0.011571816
biomass_mem_lipids_c,0.006661699
biomass_c_storage_c,0.224664102
DM_carbon_storage_c,0
bof_c_accumulation_c,0.624953557
bof_cell_division_c,0
DM_biomass_c_acc_c,0.624953557
DM_biomass_cell_div_c,0
GLS4_c,0
bof_dark_c,0
DM_biomass_dark_c,0
GAM,18.75048176
IDH_m,0
ARGt_m,0
ORNC_m,26.49314936
ASPGLU2_m,0
SPT_m,0
HYPRRx_m,0
GLYCK2_m,0
NADPHt_x,0
G5K_m,0
G5DH_m,0
NAHt_m,0
COAt_x,-6.143150862
AKGICITt_m,0
OAAICITt_m,0
MALICITt_m,0
NGAM,0.053422604
DM_photon_c,433.9548889
DM_13glucan_c,0
DM_tag1619Z1619Z160_c,0
DM_pigm,0
