ATPS_m,2.90357524881
IDP_h,0.119166287994
IDP_m,0.0
THD2_m,0.0
ATAM_c,0.844405907145
GLTS_h,0.738318978957
GLNA_h,1.07961568886
FACOAL_181_9Z_c,0.00489864493145
ACS_c,0.320648979046
UTAL_c,0.00212181876397
ASPTA_L_c,0.0
ASPTA_L_h,-0.173640099593
OAAAKGt_m,0.0562240286344
ASPTA_L_m,0.0
FACOAL_160_c,0.0
SERDC_m,0.00123962333656
SAL_m,0.0
ALATA_L_h,0.0
GLYK_c,0.00013709201083
MDH_m,-0.00526913408498
MALAKGt_m,0.0307809341285
MALOAAt_m,0.0
ME1_m,0.282626349101
PGI_c,-0.334640608024
PGI_h,-0.00748560785677
AMPD_c,0.0
FACOAL_180_c,0.000257593729338
TDSR_c,0.000420009519946
FTHDF_c,-6.89359905177e-15
FTHFL_c,0.0
ASNS_c,0.0171573986284
ATPCS_c,-0.314977552926
AKGCITt_m,0.314977552926
MALCITt_m,0.0
OAACITt_m,0.0
CISY_m,0.0614931627194
G3PDH_h,0.0131586448458
TPI_h,3.24633064111
DGOTO_c,0.000102415795925
PGM_c,-0.0165930903504
PGM_h,-0.00748560785677
PYC_m,0.0
CITICITt_m,0.0
MAT_c,0.00710786982083
GHMT_m,-0.0111052872002
PEPC_m,0.0
PYK_c,0.0
AGPOP_c,0.0
GTPOP_c,0.0
PEPC_h,0.125344426951
PPDK_h,0.0
PYK_m,0.753285453828
PEPCK_m,0.0
SAT_h,0.0
DAOTO_c,0.000107588964048
DAPOP_c,0.0
DHFR1_c,0.0
DHFR2_c,0.000107588964048
AGAT_m,0.0
MALS_x,0.0
FACOAL_182_9Z12Z_c,0.000273693337422
PDH_E3_h,0.353345672298
PDH_E3_m,0.257114549058
PYDXK_c,0.0
PYDXPP_c,0.0
RPDPK_c,0.0
GMPS_c,0.0
GMPS_GLU_c,0.00201422979993
IMPD_c,0.00201422979993
PDH_E1a_h,0.353345672298
PDH_E1a_m,0.0
TAL_m,0.0
ADH_c,0.0
THRA_m,-3.46944695195e-18
SUAT_h,0.0110618826236
DCDT_c,0.000210004759973
DOLPMT_c,0.0
MDUMT_c,0.000107588964048
ATDTM_c,0.000107588964048
DTMPK_c,0.0
CCP2_m,0.0
CYSS_h,0.0
SAHH_c,-0.00710786982083
GAPDH_c,0.0
GAPDH_h,9.44391547733
PGK_h,9.44391547733
GAPDH_m,-0.829337687214
ENO_h,-0.197210600903
ENO_m,-0.753285453828
G6PDH_c,0.278989055289
DMOR_4_h,0.05662250213
DMOR_4_m,0.0
MG3_c,0.0
MG2_c,0.0
CBL_m,0.0
IDIH_h,0.0
PETHCT_c,0.00015495291707
DHFOR1_c,0.0
THFOR1_c,0.0
THFOR2_c,0.0
DHFOR2_c,0.0
GGPS_h,0.0086461221229
GUAD_c,0.0
LDH_m,0.0
MI3PS_c,0.000185943500485
DVPCHLDR_h,0.00362056846994
PCHLDOR_h,0.00348753801119
PDXPP_c,0.0
PYDXNK_c,0.0
SDH_m,-0.261244877621
PYDXS_c,0.0
UGDH_c,0.00750586107542
MTMOHT_m,0.0
PGLYCP_h,0.0
IPPS_h,0.0309723896083
PPNCL_m,0.0
METS_c,-0.0137177234687
MTHFO1_c,0.0
MTHFO2_c,0.0137177234687
PGDH_c,0.278989055289
PGDH_h,0.0
EAR40_h,0.0396265068526
OCT_m,0.019207820207
UPP3DC_h,0.0
DVCHLDR_h,0.0
DVPCHLDOR_h,0.0
FBP_h,1.63829534555
FBA_h,-1.63829534555
OAT_m,0.0
FPPS_c,0.0
GPPS_c,0.0
FPPS_h,0.0086461221229
GPPS_h,0.0086461221229
IDS1_h,0.0259383663687
IDS2_h,0.0086461221229
HMGL_m,0.0
FACOAL_183_6Z9Z12Z_c,0.00459275237786
MCOATA_h,0.280746490471
MMSAD_m,0.0
NITR_c,0.591238742736
GGDR_h,0.00331528224842
CHRM_c,0.0319953956432
FCLT_h,0.0
PYAMPP_c,0.0
PYAMK_c,0.0
PRK_h,4.82056303912
TALA_h,0.0
SELCYSLY2_c,0.0
SELTOR_c,0.0
SPMS_c,0.0
SCS_m,-0.257114549058
EAR120_h,0.0396265068526
EAR60_h,0.0396265068526
EAR160_h,0.0378312106942
RPE_h,-3.2256863884
TKL1_h,-1.59487665071
TKL2_h,1.63080973769
P5CR_c,0.0
DAPEP_h,0.0538281550221
DAHPS_h,0.0359330869759
ACCAT_m,0.0
BCKDHI_m,0.0
BCKDHV_m,0.0
IMPDH_h,0.0309723896083
DHQS_h,0.0359330869759
SERPT_c,0.0
KARI_1_h,-0.0197105042069
KARI_2_h,0.0197105042069
MCCC_m,0.0
MGCH_m,0.0
BCKDHL_m,0.0
3OAS181_h,0.0
3OAS120_h,0.0396265068526
3OAS100_h,0.0396265068526
3OAS60_h,0.0396265068526
3OAS140_h,0.0396265068526
3OAS80_h,0.0396265068526
3OAS180_h,0.00515623866079
3OAS160_h,0.0378312106942
CHRS_h,0.0359330869759
ADCS_c,0.0
CMS_h,0.0345844884916
FUMAC_c,0.0
HGNTOR_c,0.0
ASADH_h,0.104409630136
ASPK_h,0.104409630136
PRAIC_c,-0.00413032856297
PRAIS_c,0.00413032856297
MTRI_c,0.0
MTRK_c,0.0
MTAN_m,0.0
AGK_h,0.0486501102718
3OAS40_h,0.0396265068526
PDH_E1b_h,0.353345672298
PDH_E1b_m,0.0
PDH_E2_m,0.0
ARGSS_c,0.019207820207
ASPCT_c,0.00413032856297
DHR_c,-0.00413032856297
NCPA_c,0.0
CAS_c,0.0
ATDAM_c,0.0
ADSS_c,0.00744278535856
GLCNACPT_c,0.0
TMTD_h,0.0
DXR_h,0.0345844884916
PRFGCL_c,0.00413032856297
PRFGS_c,0.00413032856297
LYCBC1_c,-0.00266541993724
G1SAT_h,-0.0308308684988
G5DH_c,0.0
GTHS_h,0.0
HDH_c,0.00532668659551
FACOAL_183_9Z12Z15Z_c,0.0
MPML_h,0.00385385856235
MPMT_h,-0.00385385856235
NOR_h,-0.00266541993724
CYEUOLI_c,0.0
OBFOLOR_c,0.0
CMK_h,0.0345844884916
PPDH_c,0.0204953967682
PDS1_c,0.00266541993724
PSY_h,0.00266541993724
PPBNGD_h,-0.00385385856235
PPBNGS_h,0.0154154342494
CPPPGO_h,0.00385385856235
PPPGO_h,0.00385385856235
PPRGL_c,0.00413032856297
IMGPS_c,0.00532668659551
PRICI_c,0.00532668659551
PSP_m,0.0760522333861
PSPPS_c,0.0
FBA3_h,1.59487665071
SBP_h,1.59487665071
OGDH_E2_m,0.257114549058
OGDH_E1_m,0.257114549058
EPSPS_h,-0.0359330869759
SQLS_c,0.0
DAPAT_h,0.0538281550221
DHPR_h,0.0538281550221
GLUTL_c,0.019939798663
GLUTRR_h,0.0308308684988
TMTG_h,0.0
PDS2_h,0.00266541993724
ZDS_h,-0.00266541993724
METTF_c,0.0
FORA_c,0.0
HEMEASM_m,0.0
MERGTOLR_c,0.0
PPM_c,-0.0175250350541
PPM_h,0.0
BETALDH_c,0.0
SSAL2_m,0.0
ARGTL_c,0.019207820207
CYSTL_c,0.00167561333303
GLYTL_m,0.0
HISTL_c,0.00532668659551
ILETL_c,0.0197105042069
LEUTL_c,0.0309723896083
LYSTL_m,0.0
METTL_c,0.00660985364791
PHETL_m,0.0
PROTL_c,0.0294422900648
THRTL_c,0.0242611172587
THRTL_m,0.0
TRPTL_c,0.00393769133261
TYRTL_c,0.0114999988751
VALTL_c,0.0256501125216
VALTL_h,0.0
NADK_h,0.0
GLNA_m,0.0
TPTPti_h,1.29901861378
FUM_m,0.257114549058
GLYTA_m,0.0
BCTAV_h,-0.0256501125216
PGAM_c,0.0
PGAM_m,0.753285453828
PDX5PO_c,0.0
PYDXNO_c,0.0
PYAM5PO_c,0.0
PYAMOX_c,0.0
PMANM_c,-0.013537992719
POAT_c,-0.0204953967682
GLYTL_c,0.0454929019916
NADHOR_m,2.05286027012
FA160ACPH_h,0.0
GCS_m,0.0111052872002
FA180ACPH_h,0.000257593729338
HGDH_m,0.0
THFAT_m,6.24500451352e-17
EAR181_h,0.0
EAR100_h,0.0396265068526
EAR140_h,0.0396265068526
EAR80_h,0.0396265068526
3HAD40_h,-0.0396265068526
3HAD181_h,0.0
3HAD120_h,-0.0396265068526
3HAD100_h,-0.0396265068526
3HAD60_h,-0.0396265068526
3HAD140_h,-0.0396265068526
3HAD80_h,-0.0396265068526
3HAD160_h,-0.0378312106942
ACOATA_h,0.0396265068526
ACCOAC_h,0.280746490471
3HAD180_h,0.00515623866079
EAR180_h,0.00515623866079
THD2_c,0.493091618226
GLTS_m,0.239026241486
CAT_x,0.0
FBP_c,1.24572219959
GHMT_c,-0.0274126561542
SAL_c,0.0
TPI_c,0.386904037396
UMPK_c,0.00413032856297
RPI_h,1.59487665071
FUM_c,0.0307809341285
PGK_c,0.0
MTHFC_c,-0.0135873437215
MTHFD_c,0.0
CBMK_m,0.02333814877
DXPS_h,0.0345844884916
TALA_c,0.0175250350541
GGPS_c,0.0
UDPSQS_h,0.00205967257045
SO3R_h,0.00828546698094
RPE_c,0.278989055289
TKL1_c,-0.0175250350541
TKL2_c,0.0
DHAD_4_h,0.05662250213
DHAD_5_h,0.0197105042069
DHFS_c,0.0
NTRIRfx_h,0.591238742736
ACOAT_h,-0.0486501102718
PANTS_m,0.0
FBA_c,-0.383228670851
3OAR40_h,0.0396265068526
3OAR100_h,0.0396265068526
3OAR120_h,0.0396265068526
3OAR140_h,0.0396265068526
3OAR160_h,0.0378312106942
3OAR180_h,0.00515623866079
3OAR181_h,0.0
3OAR60_h,0.0396265068526
3OAR80_h,0.0396265068526
AGMT_m,0.0
ANPRT_c,0.00393769133261
HOXG_c,0.0
CHLPAS_h,0.00331528224842
TRPS1_c,0.00393769133261
NPHS_x,0.0
PDH_E2_h,-0.353345672298
THRD_c,0.0197105042069
SERTL_c,0.0306813620295
ASNTL_c,0.0171573986284
LYSTL_c,0.0197766468385
GACT_h,-0.0486501102718
DHQDH_h,0.0359330869759
XPK_c,0.296514090344
FPK_c,0.0175250350541
UPP3DC_c,0.00385385856235
NPDPS_m,0.0
CYSS_m,0.0
DHPS_c,0.0
IMPHL_1_h,0.0309723896083
IMPHL_2_h,0.0309723896083
ASL_c,0.019207820207
HMBDPO_h,0.0345844884916
MPBQMT_h,0.0
TRPS2_c,0.0
ACN_a_m,-0.376470715645
ACN_b_m,0.376470715645
EX_photon_e,-68.3715302806
PHOt_e,68.3715302806
PHOt_h,54.6972228571
PSII_u,6.83047468257
CBFC_u,14.0366514196
PSI_u,13.6857351341
ATPS_h,17.5727438686
GLCt_e,0.0
GLCt_x,0.0
GLK_c,0.0
PFK_c,0.0
TPI_m,0.0
PGK_m,-0.829337687214
PGAM_h,0.197210600903
PYK_h,0.0
PPTPt_x,0.0
TPTPt_m,0.829337687214
PYRNAt_h,1.03591180293
MPCt_m,-1.03591180293
PGL_c,0.278989055289
6PGTt_m,0.0
EDD_h,0.0
EDA_m,0.0
RUBISC_h,4.82056303912
ACK_c,0.314039125398
PYC_h,0.419497254202
ICL_x,0.0
ARG_m,0.0
GLUDH_c,0.0
GLUDH2_m,0.414627967593
GLUSA_m,-4.12555374047e-16
P5CDH_m,-4.12555374047e-16
PRODH_m,0.0
ORNC_c,0.0294422900648
AGAS_h,0.0
AGPR_h,0.0486501102718
UREASE_m,0.0
GLUSA_c,0.0
G5K_c,0.0
PRO4H_c,0.0
SERA_m,0.0760522333861
PSAT_m,0.0760522333861
THRA_c,3.46944695195e-18
ASPK_c,0.0
HSDH_m,0.00660985364791
HSDH_h,0.0439716214656
HSK_h,0.0439716214656
THRS_c,0.0439716214656
THRS_h,0.0
DHPS_h,0.0538281550221
DAPDC_h,0.0538281550221
APSK_h,1.17990693103
PAPSR_h,0.0103451395514
HSAT_m,0.00660985364791
AHSAL_c,0.00660985364791
CBS_c,0.0
CGL_c,0.0
SHL_c,0.00167561333303
ASNAL_c,0.0
ASNA_c,0.0
PRAS_c,0.00532668659551
PRADP_c,0.00532668659551
PRAMPCH_c,0.00532668659551
IGPDH_c,0.00532668659551
IAPTA_c,0.00532668659551
HPP_c,0.00532668659551
ALPL_h,0.05662250213
POXAAT_h,0.0197105042069
BCTAI_h,0.0197105042069
BCTAL_h,0.0
DHSR_h,0.0359330869759
SKMK_h,0.0359330869759
PPHTA_h,0.0
ARODH_h,0.0
PHEH_c,4.5161614561e-17
HTHBDH_m,0.0
THBPOX_m,4.5161614561e-17
CHRL_h,0.00393769133261
PRAI_c,0.00393769133261
IGPS_c,0.00393769133261
GTPCH_c,0.0
PTPS_c,0.0
SR_c,0.0
BACCL_m,0.0
ACP1619ZD9DS_h,0.0229598273827
ACP1819ZD9DS_h,0.00489864493145
FA161d9ACPH_h,0.0
FA181d9ACPH_h,0.00459219971246
BACCL_c,0.0
ACCOAC_c,0.00567142611946
FACOAL_140_c,0.0
FACOAL_161_9Z_c,0.000257593729338
FACOAL_162_9Z12Z_c,4.87895084883e-05
FACOAL_163_6Z9Z12Z_c,0.0
G3PDH_c,0.00367536654509
ETHAK_c,0.00123962333656
ETHAt_c,0.00123962333656
PETHMT_c,0.00108467041949
PETHDMT_c,0.00108467041949
PETHTMT_c,0.00108467041949
PCHOLCT_c,0.00108467041949
MI3PP_c,0.0
MI3PP_h,0.0
MI3PP_m,0.000185943500485
G1PUT_c,0.0
G1PUT_h,0.00748560785677
UGP_PGM_c,0.0388725188834
FCYTOB5OXR_c,-0.00986168829523
FCYTOB5OXR_m,0.0
COA181_9Z_9DS_c,0.0
FACOAL205_c,0.00372591735173
FACOAL226_c,0.000305892553589
G3PAT1619Z_c,0.000257593729338
G3PAT1819Z_c,0.0
G3PAT2055Z8Z11Z14Z17Z_c,0.00326507188107
G3PAT2264Z7Z10Z13Z16Z19Z_c,0.000152946276794
AGPATCOA_HDE_MYRS_c,0.0
AGPATCOA_HDE_PALM_c,0.0
AGPATCOA_HDE_HDE_c,0.0
AGPATCOA_HDE_STC_c,0.0
AGPATCOA_HDE_OLE_c,0.0
AGPATCOA_HDE_EPA_c,0.0
AGPATCOA_HDE_DHA_c,0.0
AGPATCOA_OLE_MYRS_c,0.0
AGPATCOA_OLE_PALM_c,0.0
AGPATCOA_OLE_HDE_c,0.0
AGPATCOA_OLE_STC_c,0.0
AGPATCOA_OLE_OLE_c,0.0
AGPATCOA_OLE_EPA_c,0.0
AGPATCOA_OLE_DHA_c,0.0
AGPATCOA_EPA_MYRS_c,0.0
AGPATCOA_EPA_PALM_c,0.0
AGPATCOA_EPA_HDE_c,0.0
AGPATCOA_EPA_STC_c,0.0
AGPATCOA_EPA_OLE_c,0.000915624534615
AGPATCOA_EPA_EPA_c,0.00015495291707
AGPATCOA_EPA_DHA_c,0.0
AGPATCOA_DHA_MYRS_c,0.0
AGPATCOA_DHA_PALM_c,0.0
AGPATCOA_DHA_HDE_c,0.0
AGPATCOA_DHA_STC_c,0.0
AGPATCOA_DHA_OLE_c,0.0
AGPATCOA_DHA_EPA_c,0.0
AGPATCOA_DHA_DHA_c,0.000152946276794
PAPA_HDE_PALM_c,0.0
PAPA_HDE_HDE_c,0.0
PAPA_HDE_STC_c,0.0
PAPA_HDE_OLE_c,0.0
PAPA_HDE_EPA_c,0.0
PAPA_HDE_DHA_c,0.0
PAPA_OLE_PALM_c,0.0
PAPA_OLE_HDE_c,0.0
PAPA_OLE_STC_c,0.0
PAPA_OLE_OLE_c,0.0
PAPA_OLE_EPA_c,0.0
PAPA_OLE_DHA_c,0.0
PAPA_EPA_PALM_c,0.0
PAPA_EPA_HDE_c,0.0
PAPA_EPA_STC_c,0.0
PAPA_EPA_OLE_c,0.000915624534615
PAPA_EPA_EPA_c,0.00015495291707
PAPA_EPA_DHA_c,0.0
PAPA_DHA_PALM_c,0.0
PAPA_DHA_HDE_c,0.0
PAPA_DHA_STC_c,0.0
PAPA_DHA_OLE_c,0.0
PAPA_DHA_EPA_c,0.0
PAPA_DHA_DHA_c,0.000152946276794
CHOPT_HDE_PALM_c,0.0
CHOPT_HDE_HDE_c,3.21992161672e-05
CHOPT_HDE_STC_c,0.0
CHOPT_HDE_OLE_c,0.0
CHOPT_HDE_EPA_c,0.0
CHOPT_HDE_DHA_c,0.0
CHOPT_EPA_PALM_c,0.0
CHOPT_EPA_HDE_c,0.0
CHOPT_EPA_STC_c,0.0
CHOPT_EPA_OLE_c,0.000915624534615
CHOPT_EPA_EPA_c,0.0
CHOPT_EPA_DHA_c,0.0
PCD12DS_HDE_LNA_sn2_c,0.00398302039683
PCD12DS_EPA_LNA_sn2_c,0.000915624534615
PCD6DS_HDE_GLNA_sn2_c,0.00395082118067
PCD6DS_EPA_GLNA_sn2_c,0.000641931197194
PCW3DS_HDE_ALNA_sn2_c,3.21992161672e-05
PCW3DS_EPA_ALNA_sn2_c,0.0
PCD6DS_HDE_STA_sn2_c,3.21992161672e-05
PCD6DS_EPA_STA_sn2_c,0.0
PCW3DS_HDE_STA_sn2_c,0.0
PCW3DS_EPA_STA_sn2_c,0.0
FAC160t_c,0.0
FAC1819Zt_c,0.00459219971246
FAC1619Zt_c,4.87895084883e-05
FAC180t_c,0.000257593729338
FAC140t_c,0.0
FAC2055Z8Z11Z14Z17Zt_c,0.0
FAC1636Z9Z12Zt_c,0.0
FAC1646Z9Z12Z15Zt_c,0.0
FACOAL_184_6Z9Z12Z15Z_c,0.0
FACOAL_200_c,0.0
FACOAL_220_c,0.0
FACOAL_240_c,0.0
PLA2PC_HDE_STA_c,0.0
PLA2PC_EPA_STA_c,0.0
PLA2PC_HDE_GLNA_c,0.00395082118067
PLA2PC_EPA_GLNA_c,0.000641931197194
3OAS200_c,0.000257593729338
3OAR200_c,0.000257593729338
3HAD200_c,0.000257593729338
EAR200_c,0.000257593729338
3OAS220_c,0.000257593729338
3OAR220_c,0.000257593729338
3HAD220_c,0.000257593729338
EAR220_c,0.000257593729338
3OAS240_c,0.000257593729338
3OAR240_c,0.000257593729338
3HAD240_c,0.000257593729338
EAR240_c,0.000257593729338
ELO6ETA_c,0.0
ELO6DGLA_c,0.00459275237786
LPCAT_HDE_ETA_sn2_c,0.0
LPCAT_HDE_DGLA_sn2_c,0.0
LPCAT_EPA_ETA_sn2_c,0.0
LPCAT_EPA_DGLA_sn2_c,0.00459275237786
PCW3DS_HDE_ETA_sn2_c,0.0
PCW3DS_EPA_ETA_sn2_c,0.0
PCD5DS_HDE_ARA_sn2_c,0.0
PCD5DS_EPA_ARA_sn2_c,0.00459275237786
PCD5DS_HDE_EPA_sn2_c,0.0
PCD5DS_EPA_EPA_sn2_c,0.0
PCW3DS_HDE_EPA_sn2_c,0.0
PCW3DS_EPA_EPA_sn2_c,0.00459275237786
PLA2PC_HDE_EPA_c,0.0
PLA2PC_EPA_EPA_c,0.00372591735173
ELO5DPA_c,0.000305892553589
LPCAT_HDE_DPA_sn2_c,0.0
LPCAT_EPA_DPA_sn2_c,0.000305892553589
PCD4DS_HDE_DHA_sn2_c,0.0
PCD4DS_EPA_DHA_sn2_c,0.000305892553589
PLDPC_HDE_PALM_c,0.0
PLDPC_HDE_HDE_c,0.0
PLDPC_HDE_STC_c,0.0
PLDPC_HDE_OLE_c,0.0
PLDPC_HDE_EPA_c,0.0
PLDPC_HDE_DHA_c,0.0
PLDPC_EPA_PALM_c,0.0
PLDPC_EPA_HDE_c,0.0
PLDPC_EPA_STC_c,0.0
PLDPC_EPA_OLE_c,0.0
PLDPC_EPA_EPA_c,0.0
PLDPC_EPA_DHA_c,0.0
PLDPC_HDE_LNA_c,0.0
PLDPC_LNA_LNA_c,0.0
PLDPC_EPA_LNA_c,0.0
PLDPC_HDE_GLNA_c,0.0
PLDPC_EPA_GLNA_c,0.0
PLDPC_HDE_ALNA_c,0.0
PLDPC_EPA_ALNA_c,0.0
PLDPC_HDE_ARA_c,0.0
PLDPC_EPA_ARA_c,0.0
PAPA_HDE_LNA_c,0.0
PAPA_LNA_LNA_c,0.000136846668711
PAPA_EPA_LNA_c,0.0
PAPA_HDE_GLNA_c,0.0
PAPA_EPA_GLNA_c,0.0
PAPA_HDE_ALNA_c,0.0
PAPA_EPA_ALNA_c,0.0
PAPA_HDE_ARA_c,0.0
PAPA_EPA_ARA_c,0.0
CDPDAGS_HDE_PALM_c,0.000185943500485
DAGK_HDE_PALM_c,0.000185943500485
DAGK_HDE_HDE_c,0.0
DAGK_HDE_STC_c,0.0
DAGK_HDE_OLE_c,0.0
DAGK_HDE_EPA_c,0.0
DAGK_HDE_DHA_c,0.0
DAGK_OLE_PALM_c,0.0
DAGK_OLE_HDE_c,0.0
DAGK_OLE_STC_c,0.0
DAGK_OLE_OLE_c,0.0
DAGK_OLE_EPA_c,0.0
DAGK_OLE_DHA_c,0.0
DAGK_EPA_PALM_c,0.0
DAGK_EPA_HDE_c,0.0
DAGK_EPA_STC_c,0.0
DAGK_EPA_OLE_c,0.0
DAGK_EPA_EPA_c,0.0
DAGK_EPA_DHA_c,0.0
DAGK_DHA_PALM_c,0.0
DAGK_DHA_HDE_c,0.0
DAGK_DHA_STC_c,0.0
DAGK_DHA_OLE_c,0.0
DAGK_DHA_EPA_c,0.0
DAGK_DHA_DHA_c,0.0
DAGK_HDE_LNA_c,0.0
DAGK_LNA_LNA_c,0.0
DAGK_EPA_LNA_c,0.0
DAGK_HDE_GLNA_c,0.0
DAGK_EPA_GLNA_c,0.0
DAGK_HDE_ALNA_c,0.0
DAGK_EPA_ALNA_c,0.0
DAGK_HDE_ARA_c,0.0
DAGK_EPA_ARA_c,0.0
ETHAPT_EPA_EPA_c,0.00015495291707
CDIPT_HDE_PALM_c,0.000185943500485
CHOLt_m,0.0
CHOLK_m,0.0
PCHOLt_m,0.0
PIP4K_HDE_PALM_c,0.0
PIP3K_HDE_PALM_c,0.0
PIP3P_HDE_PALM_c,0.0
IPMK_c,0.0
IP52K_c,0.0
PLDPE_EPA_EPA_c,0.0
FACOAL_204_5Z8Z11Z14Z_c,0.0
PLA2PC_HDE_PALM_c,0.0
PLA2PC_HDE_HDE_c,3.21992161672e-05
PLA2PC_HDE_STC_c,0.0
PLA2PC_HDE_OLE_c,0.0
PLA2PC_HDE_DHA_c,0.0
PLA2PC_EPA_PALM_c,0.0
PLA2PC_EPA_HDE_c,0.0
PLA2PC_EPA_STC_c,0.0
PLA2PC_EPA_OLE_c,0.0
PLA2PC_EPA_DHA_c,0.000305892553589
PLA2PC_HDE_LNA_c,0.0
PLA2PC_LNA_LNA_c,0.0
PLA2PC_EPA_LNA_c,0.000273693337422
PLA2PC_HDE_ALNA_c,0.0
PLA2PC_EPA_ALNA_c,0.0
PLA2PC_HDE_ARA_c,0.0
PLA2PC_EPA_ARA_c,0.0
PLA2PE_EPA_EPA_c,0.0
LPCAT_HDE_PALM_sn2_c,0.0
LPCAT_HDE_HDE_sn2_c,0.0
LPCAT_HDE_STC_sn2_c,0.0
LPCAT_HDE_OLE_sn2_c,0.00398302039683
LPCAT_HDE_LNA_sn2_c,0.0
LPCAT_HDE_ALNA_sn2_c,0.0
LPCAT_HDE_GLNA_sn2_c,0.0
LPCAT_HDE_EPA_sn2_c,0.0
LPCAT_HDE_DHA_sn2_c,0.0
LPCAT_HDE_ARA_sn2_c,0.0
LPCAT_LNA_LNA_sn2_c,0.0
LPCAT_EPA_PALM_sn2_c,0.0
LPCAT_EPA_HDE_sn2_c,0.0
LPCAT_EPA_STC_sn2_c,0.0
LPCAT_EPA_OLE_sn2_c,0.0
LPCAT_EPA_LNA_sn2_c,0.0
LPCAT_EPA_ALNA_sn2_c,0.0
LPCAT_EPA_GLNA_sn2_c,0.0
LPCAT_EPA_EPA_sn2_c,0.0
LPCAT_EPA_DHA_sn2_c,0.0
LPCAT_EPA_ARA_sn2_c,0.0
LPEAT_EPA_EPA_sn2_c,0.0
LPCH1619Z_sn1_c,0.0
LPCH1829Z12Z_sn1_c,0.0
LPCH2055Z8Z11Z14Z17Z_sn1_c,0.0
LPEH2055Z8Z11Z14Z17Z_sn1_c,0.0
GPCGPH_c,0.0
GPEGPH_c,0.0
ACOADAGAT_HDE_ARA_ARA_c,0.0
ACOADAGAT_OLE_HDE_OLE_c,0.0
ACOADAGAT_OLE_PALM_PALM_c,0.0
ACOADAGAT_DHA_EPA_ARA_c,0.0
ACOADAGAT_DHA_EPA_DHA_c,0.0
ACOADAGAT_OLE_EPA_DHA_c,0.0
ACOADAGAT_HDE_PALM_LNA_c,0.0
ACOADAGAT_OLE_PALM_HDE_c,0.0
ACOADAGAT_HDE_ARA_PALM_c,0.0
ACOADAGAT_HDE_HDE_GLNA_c,0.0
ACOADAGAT_HDE_HDE_LNA_c,0.0
ACOADAGAT_OLE_HDE_HDE_c,0.0
ACOADAGAT_HDE_ARA_HDE_c,0.0
ACOADAGAT_HDE_EPA_GLNA_c,0.0
ACOADAGAT_HDE_EPA_ARA_c,0.0
ACOADAGAT_HDE_EPA_DHA_c,0.0
ACOADAGAT_HDE_EPA_LNA_c,0.0
ACOADAGAT_HDE_EPA_OLE_c,0.0
ACOADAGAT_EPA_EPA_LNA_c,0.0
ACOADAGAT_EPA_EPA_GLNA_c,0.0
ACOADAGAT_EPA_EPA_DHA_c,0.0
ACOADAGAT_OLE_EPA_EPA_c,0.0
ACOADAGAT_HDE_EPA_PALM_c,0.0
ACOADAGAT_EPA_EPA_PALM_c,0.0
ACOADAGAT_HDE_EPA_HDE_c,0.0
ACOADAGAT_HDE_HDE_HDE_c,0.0
ACOADAGAT_HDE_EPA_EPA_c,0.0
ACOADAGAT_EPA_EPA_ARA_c,0.0
ACOADAGAT_EPA_EPA_EPA_c,0.0
PLDAGAT_HDE_ARA_ARA_PC_3_c,0.0
PLDAGAT_HDE_ARA_ARA_PC_7_c,0.0
PLDAGAT_OLE_HDE_OLE_PC_3_c,0.0
PLDAGAT_OLE_HDE_OLE_PC_6_c,0.0
PLDAGAT_OLE_PALM_PALM_PC_3_c,0.0
PLDAGAT_OLE_PALM_PALM_PC_6_c,0.0
PLDAGAT_DHA_EPA_ARA_PC_3_c,0.0
PLDAGAT_DHA_EPA_ARA_PC_7_c,0.0
PLDAGAT_DHA_EPA_DHA_PC_3_c,0.0
PLDAGAT_DHA_EPA_DHA_PC_6_c,0.0
PLDAGAT_OLE_EPA_DHA_PC_3_c,0.0
PLDAGAT_OLE_EPA_DHA_PC_6_c,0.0
PLDAGAT_HDE_PALM_LNA_PC_3_c,0.0
PLDAGAT_HDE_PALM_LNA_PC_5_c,0.0
PLDAGAT_HDE_PALM_LNA_PC_7_c,0.0
PLDAGAT_OLE_PALM_HDE_PC_3_c,0.0
PLDAGAT_OLE_PALM_HDE_PC_6_c,0.0
PLDAGAT_HDE_ARA_PALM_PC_3_c,0.0
PLDAGAT_HDE_ARA_PALM_PC_6_c,0.0
PLDAGAT_HDE_HDE_GLNA_PC_3_c,0.0
PLDAGAT_HDE_HDE_GLNA_PC_7_c,0.0
PLDAGAT_HDE_HDE_LNA_PC_3_c,0.0
PLDAGAT_HDE_HDE_LNA_PC_5_c,0.0
PLDAGAT_HDE_HDE_LNA_PC_7_c,0.0
PLDAGAT_OLE_HDE_HDE_PC_3_c,0.0
PLDAGAT_OLE_HDE_HDE_PC_6_c,0.0
PLDAGAT_HDE_ARA_HDE_PC_3_c,0.0
PLDAGAT_HDE_ARA_HDE_PC_6_c,0.0
PLDAGAT_HDE_EPA_GLNA_PC_3_c,0.0
PLDAGAT_HDE_EPA_GLNA_PC_7_c,0.0
PLDAGAT_HDE_EPA_ARA_PC_3_c,0.0
PLDAGAT_HDE_EPA_ARA_PC_7_c,0.0
PLDAGAT_HDE_EPA_DHA_PC_3_c,0.0
PLDAGAT_HDE_EPA_DHA_PC_6_c,0.0
PLDAGAT_HDE_EPA_LNA_PC_3_c,0.0
PLDAGAT_HDE_EPA_LNA_PC_5_c,0.0
PLDAGAT_HDE_EPA_LNA_PC_7_c,0.0
PLDAGAT_HDE_EPA_OLE_PC_3_c,0.0
PLDAGAT_HDE_EPA_OLE_PC_6_c,0.0
PLDAGAT_EPA_EPA_LNA_PC_3_c,0.0
PLDAGAT_EPA_EPA_LNA_PC_5_c,0.0
PLDAGAT_EPA_EPA_LNA_PC_7_c,0.0
PLDAGAT_EPA_EPA_GLNA_PC_3_c,0.0
PLDAGAT_EPA_EPA_GLNA_PC_7_c,0.0
PLDAGAT_EPA_EPA_DHA_PC_3_c,0.0
PLDAGAT_EPA_EPA_DHA_PC_6_c,0.0
PLDAGAT_OLE_EPA_EPA_PC_3_c,0.0
PLDAGAT_OLE_EPA_EPA_PC_6_c,0.0
PLDAGAT_OLE_EPA_EPA_PE_14_c,0.0
PLDAGAT_HDE_EPA_PALM_PC_3_c,0.0
PLDAGAT_HDE_EPA_PALM_PC_6_c,0.0
PLDAGAT_EPA_EPA_PALM_PC_3_c,0.0
PLDAGAT_EPA_EPA_PALM_PC_6_c,0.0
PLDAGAT_HDE_EPA_HDE_PC_3_c,0.0
PLDAGAT_HDE_EPA_HDE_PC_6_c,0.0
PLDAGAT_HDE_HDE_HDE_PC_3_c,0.0
PLDAGAT_HDE_HDE_HDE_PC_6_c,0.0
PLDAGAT_HDE_EPA_EPA_PC_3_c,0.0
PLDAGAT_HDE_EPA_EPA_PC_6_c,0.0
PLDAGAT_HDE_EPA_EPA_PE_14_c,0.0
PLDAGAT_EPA_EPA_ARA_PC_3_c,0.0
PLDAGAT_EPA_EPA_ARA_PC_7_c,0.0
PLDAGAT_EPA_EPA_EPA_PC_3_c,0.0
PLDAGAT_EPA_EPA_EPA_PC_6_c,0.0
PLDAGAT_EPA_EPA_EPA_PE_14_c,0.0
TAGAH_HDE_ARA_ARA_c,0.0
TAGAH_OLE_HDE_OLE_c,0.0
TAGAH_OLE_PALM_PALM_c,0.0
TAGAH_DHA_EPA_ARA_c,0.0
TAGAH_DHA_EPA_DHA_c,0.0
TAGAH_OLE_EPA_DHA_c,0.0
TAGAH_HDE_PALM_LNA_c,0.0
TAGAH_OLE_PALM_HDE_c,0.0
TAGAH_HDE_ARA_PALM_c,0.0
TAGAH_HDE_HDE_GLNA_c,0.0
TAGAH_HDE_HDE_LNA_c,0.0
TAGAH_OLE_HDE_HDE_c,0.0
TAGAH_HDE_ARA_HDE_c,0.0
TAGAH_HDE_EPA_GLNA_c,0.0
TAGAH_HDE_EPA_ARA_c,0.0
TAGAH_HDE_EPA_DHA_c,0.0
TAGAH_HDE_EPA_LNA_c,0.0
TAGAH_HDE_EPA_OLE_c,0.0
TAGAH_EPA_EPA_LNA_c,0.0
TAGAH_EPA_EPA_GLNA_c,0.0
TAGAH_EPA_EPA_DHA_c,0.0
TAGAH_OLE_EPA_EPA_c,0.0
TAGAH_HDE_EPA_PALM_c,0.0
TAGAH_EPA_EPA_PALM_c,0.0
TAGAH_HDE_EPA_HDE_c,0.0
TAGAH_HDE_HDE_HDE_c,0.0
TAGAH_HDE_EPA_EPA_c,0.0
TAGAH_EPA_EPA_ARA_c,0.0
TAGAH_EPA_EPA_EPA_c,0.0
DAGAH_HDE_PALM_c,0.0
DAGAH_HDE_HDE_c,8.83025023412e-05
DAGAH_HDE_STC_c,0.0
DAGAH_HDE_OLE_c,0.0
DAGAH_HDE_EPA_c,0.0
DAGAH_HDE_DHA_c,0.0
DAGAH_OLE_PALM_c,0.0
DAGAH_OLE_HDE_c,0.0
DAGAH_OLE_STC_c,0.0
DAGAH_OLE_OLE_c,0.0
DAGAH_OLE_EPA_c,0.0
DAGAH_OLE_DHA_c,0.0
DAGAH_EPA_PALM_c,0.0
DAGAH_EPA_HDE_c,0.0
DAGAH_EPA_STC_c,0.0
DAGAH_EPA_OLE_c,0.0
DAGAH_EPA_EPA_c,0.0
DAGAH_EPA_DHA_c,0.0
DAGAH_DHA_PALM_c,0.0
DAGAH_DHA_HDE_c,0.0
DAGAH_DHA_STC_c,0.0
DAGAH_DHA_OLE_c,0.0
DAGAH_DHA_EPA_c,0.0
DAGAH_DHA_DHA_c,0.0
DAGAH_HDE_LNA_c,0.0
DAGAH_LNA_LNA_c,0.0
DAGAH_EPA_LNA_c,0.0
DAGAH_HDE_GLNA_c,0.0
DAGAH_EPA_GLNA_c,0.0
DAGAH_HDE_ALNA_c,0.0
DAGAH_EPA_ALNA_c,0.0
DAGAH_HDE_ARA_c,0.0
DAGAH_EPA_ARA_c,0.0
MAGAH1619Z_c,8.83025023412e-05
MAGAH1819Z_c,0.0
MAGAH2055Z8Z11Z14Z17Z_c,0.0
MAGAH2264Z7Z10Z13Z16Z19Z_c,0.0
MAGAH1829Z12Z_c,0.0
PLA2PA_EPA_MYRS_c,0.0
PLA2PA_EPA_PALM_c,0.0
PLA2PA_EPA_HDE_c,0.0
PLA2PA_EPA_STC_c,0.0
PLA2PA_EPA_OLE_c,0.0
PLA2PA_EPA_EPA_c,0.0
PLA2PA_EPA_DHA_c,0.0
PLA2PA_EPA_LNA_c,0.0
PLA2PA_EPA_GLNA_c,0.0
PLA2PA_EPA_ALNA_c,0.0
PLA2PA_EPA_ARA_c,0.0
EPALPAt_h,0.00219449442939
G3PAT140_h,0.00179529615843
G3PAT160_h,0.0
G3PAT1619Z_h,0.0108475553274
AGPATACP_MYRS_PALM_h,0.00171386098344
AGPATACP_MYRS_HDE_h,8.14351749855e-05
AGPATACP_PALM_PALM_h,0.0
AGPATACP_HDE_PALM_h,0.000185943500485
AGPATACP_HDE_HDE_h,0.0106616118269
AGPATACP_EPA_PALM_h,0.000722110703978
AGPATACP_EPA_HDE_h,0.00136922505341
PAPA_MYRS_PALM_h,0.00171386098344
PAPA_MYRS_HDE_h,8.14351749855e-05
PAPA_HDE_PALM_h,0.000185943500485
PAPA_HDE_HDE_h,0.0106616118269
PAPA_EPA_PALM_h,0.000103158671997
PAPA_EPA_HDE_h,0.00136922505341
GALE_h,0.00542593528632
MGDGS_HDE_PALM_h,0.0
MGDGS_HDE_HDE_h,0.00343775820093
MGDGS_EPA_HDE_h,0.00136922505341
MGDGD12DS_HDE_HDDE_sn2_h,0.00343775820093
MGDGD12DS_EPA_HDDE_sn2_h,0.000750273021433
MGDGD6DS_HDE_HDTE_sn2_h,0.00242514862342
MGDGD6DS_EPA_HDTE_sn2_h,0.000750273021433
MGDGD15DS_EPA_HDTTE_sn2_h,0.000750273021433
DGDGS_EPA_HDE_h,0.000618952031981
DGDGS_EPA_HDDE_h,0.0
SQDGS_MYRS_PALM_h,0.00169892016912
SQDGS_MYRS_HDE_h,0.0
SQDGS_HDE_PALM_h,0.0
SQDGS_EPA_PALM_h,0.000103158671997
CDPDAGS_HDE_PALM_h,0.0
CDPDAGS_EPA_PALM_h,0.000618952031981
PGPS_PALM_PALM_m,0.0
PGPS_HDE_PALM_h,0.0
PGPS_EPA_PALM_h,0.000618952031981
PGPP_HDE_PALM_h,0.0
PGPP_EPA_PALM_h,0.000618952031981
PGD3TDS_EPA_HDE3T_h,0.000618952031981
GGGT_EPA_HDE_3_h,0.0
GGGT_EPA_HDE_4_h,0.0
GGGT_EPA_HDE_8_h,0.0
GGGT_EPA_HDDE_3_h,0.0
GGGT_EPA_HDDE_4_h,0.0
GGGT_EPA_HDDE_8_h,0.0
AACPDAGAT_HDE_PALM_OLE_h,0.000185943500485
AACPDAGAT_HDE_HDE_PALM_h,0.00709322946279
AACPDAGAT_HDE_HDE_HDE_h,0.0
AACPDAGAT_HDE_HDE_OLE_h,0.000120501718508
MGDGH_HDE_PALM_h,0.0
MGDGH_HDE_HDE_h,0.0
MGDGH_EPA_HDE_h,0.0
MGDGH_HDE_HDDE_h,4.87895084883e-05
MGDGH_EPA_HDDE_h,0.0
MGDGH_HDE_HDTE_h,0.0
MGDGH_EPA_HDTE_h,0.0
MGDGH_EPA_HDTTE_h,0.0
DGDGH_EPA_HDE_h,0.0
DGDGH_EPA_HDDE_h,0.0
FACOAL_164_6Z9Z12Z15Z_c,0.0
ACOADAGAT_HDE_DHA_HDTTE_c,0.0
ACOADAGAT_DHA_EPA_HDTTE_c,0.0
ACOADAGAT_HDE_EPA_HDTTE_c,0.0
ACOADAGAT_EPA_EPA_HDTTE_c,0.0
ACOADAGAT_HDE_EPA_HDTE_c,0.0
ACOADAGAT_EPA_EPA_HDTE_c,0.0
G3MGt_c,4.87895084883e-05
G3DG_tc,0.0
G3DGGH_c,0.0
G3MGGH_c,4.87895084883e-05
GALE_c,0.00634642375277
FAC200_tx,0.0
FAC204_tx,0.0
FAC205_tx,0.0
FAC220_tx,0.0
FAC226_tx,0.0
FAC240_tx,0.0
FACOAL_C200_x,0.0
FACOAL_C204_x,0.0
FACOAL_C205_x,0.0
FACOAL_C220_x,0.0
FACOAL_C226_x,0.0
FACOAL_C240_x,0.0
ACOAOX240_x,0.0
ECH241_2E_x,0.0
HADH240_x,0.0
KAT240_x,0.0
ACOAOX220_x,0.0
ECH221_2E_x,0.0
HADH220_x,0.0
KAT220_x,0.0
ACOAOX200_x,0.0
ECH201_2E_x,0.0
HADH200_x,0.0
KAT200_x,0.0
ACOAOX180_x,0.0
ECH181_2E_x,0.0
HADH180_x,0.0
KAT180_x,0.0
ACOAOX160_x,0.0
ECH161_2E_x,0.0
HADH160_x,0.0
KAT160_x,0.0
ACOAOX140_x,0.0
ECH141_2E_x,0.0
HADH140_x,0.0
KAT140_x,0.0
ACOAOX120_x,0.0
ECH121_2E_x,0.0
HADH120_x,0.0
KAT120_x,0.0
ACOAOX100_x,0.0
ECH101_2E_x,0.0
HADH100_x,0.0
KAT100_x,0.0
ACOAOX204_5Z8Z11Z14Z_x,0.0
ECH205_2E5Z8Z11Z14Z_x,0.0
HADH204_3H5Z8Z11Z14Z_x,0.0
KAT204_3OXO5Z8Z11Z14Z_x,0.0
ECOAI184_3Z6Z9Z12Z_x,0.0
ECH184_2E6Z9Z12Z_x,0.0
HADH183_3H6Z9Z12Z_x,0.0
KAT183_3OXO6Z9Z12Z_x,0.0
ACOAOX163_4Z7Z10Z_x,0.0
DECOAR164_2E4Z7Z10Z_x,0.0
ECOAI163_3E7Z10Z_x,0.0
ECH163_2E7Z10Z_x,0.0
HADH162_3H7Z10Z_x,0.0
KAT162_3OXO7Z10Z_x,0.0
ACOAOX142_5Z8Z_x,0.0
ECH143_2E5Z8Z_x,0.0
HADH142_3H5Z8Z_x,0.0
KAT142_3OXO5Z8Z_x,0.0
ECOAI122_3Z6Z_x,0.0
ECH122_2E6Z_x,0.0
HADH121_3H6Z_x,0.0
KAT121_3OXO6Z_x,0.0
ACOAOX101_4Z_x,0.0
DECOAR102_2E4Z_x,0.0
ECOAI101_3E_x,0.0
ACOAOX205_5Z8Z11Z14Z17Z_x,0.0
ECH206_2E5Z8Z11Z14Z17Z_x,0.0
HADH205_3H5Z8Z11Z14Z17Z_x,0.0
KAT205_3OXO5Z8Z11Z14Z17Z_x,0.0
ECOAI185_3Z6Z9Z12Z15Z_x,0.0
ECH185_2E6Z9Z12Z15Z_x,0.0
HADH184_3H6Z9Z12Z15Z_x,0.0
KAT184_3OXO6Z9Z12Z15Z_x,0.0
ACOAOX164_4Z7Z10Z13Z_x,0.0
DECOAR165_2E4Z7Z10Z13Z_x,0.0
ECOAI164_3E7Z10Z13Z_x,0.0
ECH164_2E7Z10Z13Z_x,0.0
HADH163_3H7Z10Z13Z_x,0.0
KAT163_3OXO7Z10Z13Z_x,0.0
ACOAOX143_5Z8Z11Z_x,0.0
ECH144_2E5Z8Z11Z_x,0.0
HADH143_3H5Z8Z11Z_x,0.0
KAT143_3OXO5Z8Z11Z_x,0.0
ECOAI123_3Z6Z9Z_x,0.0
ECH123_2E6Z9Z_x,0.0
HADH122_3H6Z9Z_x,0.0
KAT122_3OXO6Z9Z_x,0.0
ACOAOX102_4Z7Z_x,0.0
DECOAR103_2E4Z7Z_x,0.0
ECOAI102_3E7Z_x,0.0
ECH102_2E7Z_x,0.0
HADH101_3H7Z_x,0.0
KAT101_3OXO7Z_x,0.0
ACOAOX226_4Z7Z10Z13Z16Z19Z_x,0.0
DECOAR227_2E4Z7Z10Z13Z16Z19Z_x,0.0
ECOAI226_3E7Z10Z13Z16Z19Z_x,0.0
ECH226_2E7Z10Z13Z16Z19Z_x,0.0
HADH225_3H7Z10Z13Z16Z19Z_x,0.0
KAT225_3OXO7Z10Z13Z16Z19Z_x,0.0
PEROX_x,0.0
CATCAC_x,0.0
CATCOC_x,0.0
CATC5ZOC_x,0.0
TMLT_c,0.0
TMLt_m,0.0
TMLOX_m,0.0
HMDHPS_c,0.0
ADCL_c,0.0
HPPK_c,0.0
MTHF3ES_c,0.0
HTMLA_m,0.0
TMABDH1_m,0.0
GBBOX_m,0.0
ACCARNt_c,0.0
OCTCARN_tc,0.0
OCT5ZCARN_tc,0.0
CATC1819Z_c,0.0
CATC160_c,0.0
CATC180_c,0.0
CATC1829Z12Z_c,0.0
CATC1836Z9Z12Z_c,0.0
CATC1839Z12Z15Z_c,0.0
CATC140_c,0.0
CATC1619Z_c,0.0
CATC1629Z12Z_c,0.0
CATC1636Z9Z12Z_c,0.0
CATC1646Z9Z12Z15Z_c,0.0
CARNACt_m,0.0
CARN80t_m,0.0
CARN815t_m,0.0
CARN1819Zt_m,0.0
CARN160t_m,0.0
CARN180t_m,0.0
CARN1829Z12Zt_m,0.0
CARN1836Z9Z12Zt_m,0.0
CARN1839Z12Z15Zt_m,0.0
CARN140t_m,0.0
CARN1619Zt_m,0.0
CARN1629Z12Zt_m,0.0
CARN1636Z9Z12Zt_m,0.0
CARN1646Z9Z12Z15Zt_m,0.0
CAT2AC_m,0.0
CAT280_m,0.0
CAT2815_m,0.0
CAT21819Z_m,0.0
CAT2160_m,0.0
CAT2180_m,0.0
CAT21829Z12Z_m,0.0
CAT21836Z9Z12Z_m,0.0
CAT21839Z12Z15Z_m,0.0
CAT2140_m,0.0
CAT21619Z_m,0.0
CAT21629Z12Z_m,0.0
CAT21636Z9Z12Z_m,0.0
CAT21646Z9Z12Z15Z_m,0.0
G3PDH_m,0.0
ACOADH180_m,0.0
ECH181_2E_m,0.0
HADH180_m,0.0
KAT180_m,0.0
ACOADH160_m,0.0
ECH161_2E_m,-4.75809867696e-17
HADH160_m,-4.75809867696e-17
KAT160_m,-4.75809867696e-17
ACOADH140_m,-4.75809867696e-17
ECH141_2E_m,-4.75809867696e-17
HADH140_m,-4.75809867696e-17
KAT140_m,-4.75809867696e-17
ACOADH120_m,-4.75809867696e-17
ECH121_2E_m,-4.75809867696e-17
HADH120_m,-4.75809867696e-17
KAT120_m,-4.75809867696e-17
ACOADH100_m,-4.75809867696e-17
ECH101_2E_m,-4.75809867696e-17
HADH100_m,-4.75809867696e-17
KAT100_m,-4.75809867696e-17
ACOADH80_m,-4.75809867696e-17
ECH81_2E_m,-4.75809867696e-17
HADH80_m,-4.75809867696e-17
KAT80_m,-4.75809867696e-17
ACOADH60_m,-4.75809867696e-17
ECH61_2E_m,-4.75809867696e-17
HADH60_m,-4.75809867696e-17
KAT60_m,-4.75809867696e-17
ACOADH40_m,-4.75809867696e-17
ECH41_2E_m,0.0340515081836
HADH40_m,0.0340515081836
ACACT_m,0.0340515081836
ACOADH81_5Z_m,0.0
ECH82_2E5Z_m,0.0
HADH81_3H5Z_m,0.0
KAT81_3OXO5Z_m,0.0
ECOAI61_3Z_m,0.0
ACOADH181_9Z_m,0.0
ECH182_2E9Z_m,0.0
HADH181_3H9Z_m,0.0
KAT181_3OXO9Z_m,0.0
ACOADH161_7Z_m,0.0
ECH162_2E7Z_m,0.0
HADH161_3H7Z_m,0.0
KAT161_3OXO7Z_m,0.0
ACOADH141_5Z_m,0.0
ECH142_2E5Z_m,0.0
HADH141_3H5Z_m,0.0
KAT141_3OXO5Z_m,0.0
ECOAI121_3Z_m,0.0
ACOADH182_9Z12Z_m,0.0
ECH183_2E9Z12Z_m,0.0
HADH182_3H9Z12Z_m,0.0
KAT182_3OXO9Z12Z_m,0.0
ACOADH162_7Z10Z_m,0.0
ECH163_2E7Z10Z_m,0.0
HADH162_3H7Z10Z_m,0.0
KAT162_3OXO7Z10Z_m,0.0
ACOADH142_5Z8Z_m,0.0
ECH143_2E5Z8Z_m,0.0
HADH142_3H5Z8Z_m,0.0
KAT142_3OXO5Z8Z_m,0.0
ECOAI122_3Z6Z_m,0.0
ECH122_2E6Z_m,0.0
HADH121_3H6Z_m,0.0
KAT121_3OXO6Z_m,0.0
ACOADH101_4Z_m,0.0
DECOAR102_2E4Z_m,0.0
ECOAI101_3E_m,0.0
ACOADH183_6Z9Z12Z_m,0.0
ECH184_2E6Z9Z12Z_m,0.0
HADH183_3H6Z9Z12Z_m,0.0
KAT183_3OXO6Z9Z12Z_m,0.0
ACOADH163_4Z7Z10Z_m,0.0
DECOAR164_2E4Z7Z10Z_m,0.0
ECOAI163_3E7Z10Z_m,0.0
ACOADH183_9Z12Z15Z_m,0.0
ECH184_2E9Z12Z15Z_m,0.0
HADH183_3H9Z12Z15Z_m,0.0
KAT183_3OXO9Z12Z15Z_m,0.0
ACOADH163_7Z10Z13Z_m,0.0
ECH164_2E7Z10Z13Z_m,0.0
HADH163_3H7Z10Z13Z_m,0.0
KAT163_3OXO7Z10Z13Z_m,0.0
ACOADH143_5Z8Z11Z_m,0.0
ECH144_2E5Z8Z11Z_m,0.0
HADH143_3H5Z8Z11Z_m,0.0
KAT143_3OXO5Z8Z11Z_m,0.0
ECOAI123_3Z6Z9Z_m,0.0
ECH123_2E6Z9Z_m,0.0
HADH122_3H6Z9Z_m,0.0
KAT122_3OXO6Z9Z_m,0.0
ACOADH102_4Z7Z_m,0.0
DECOAR103_2E4Z7Z_m,0.0
ECOAI102_3E7Z_m,0.0
ECH102_2E7Z_m,0.0
HADH101_3H7Z_m,0.0
KAT101_3OXO7Z_m,0.0
ACOADH161_9Z_m,0.0
ECH162_2E9Z_m,0.0
HADH161_3H9Z_m,0.0
KAT161_3OXO9Z_m,0.0
ACOADH141_7Z_m,0.0
ECH142_2E7Z_m,0.0
HADH141_3H7Z_m,0.0
KAT141_3OXO7Z_m,0.0
ACOADH121_5Z_m,0.0
ECH122_2E5Z_m,0.0
HADH121_3H5Z_m,0.0
KAT121_3OXO5Z_m,0.0
ECOAI101_3Z_m,0.0
ACOADH162_9Z12Z_m,0.0
ECH163_2E9Z12Z_m,0.0
HADH162_3H9Z12Z_m,0.0
KAT162_3OXO9Z12Z_m,0.0
ACOADH142_7Z10Z_m,0.0
ECH143_2E7Z10Z_m,0.0
HADH142_3H7Z10Z_m,0.0
KAT142_3OXO7Z10Z_m,0.0
ACOADH122_5Z8Z_m,0.0
ECH123_2E5Z8Z_m,0.0
HADH122_3H5Z8Z_m,0.0
KAT122_3OXO5Z8Z_m,0.0
ECOAI102_3Z6Z_m,0.0
ECH102_2E6Z_m,0.0
HADH101_3H6Z_m,0.0
KAT101_3OXO6Z_m,0.0
ACOADH81_4Z_m,0.0
DECOAR82_2E4Z_m,0.0
ECOAI81_3E_m,0.0
ACOADH163_6Z9Z12Z_m,0.0
ECH164_2E6Z9Z12Z_m,0.0
HADH163_3H6Z9Z12Z_m,0.0
KAT163_3OXO6Z9Z12Z_m,0.0
ACOADH143_4Z7Z10Z_m,0.0
DECOAR144_2E4Z7Z10Z_m,0.0
ECOAI143_3E7Z10Z_m,0.0
ACOADH164_6Z9Z12Z15Z_m,0.0
ECH165_2E6Z9Z12Z15Z_m,0.0
HADH164_3H6Z9Z12Z15Z_m,0.0
KAT164_3OXO6Z9Z12Z15Z_m,0.0
ACOADH144_4Z7Z10Z13Z_m,0.0
DECOAR145_2E4Z7Z10Z13Z_m,0.0
ECOAI144_3E7Z10Z13Z_m,0.0
ECH144_2E7Z10Z13Z_m,0.0
HADH143_3H7Z10Z13Z_m,0.0
KAT143_3OXO7Z10Z13Z_m,0.0
ACOADH123_5Z8Z11Z_m,0.0
ECH124_2E5Z8Z11Z_m,0.0
HADH123_3H5Z8Z11Z_m,0.0
KAT123_3OXO5Z8Z11Z_m,0.0
ECOAI103_3Z6Z9Z_m,0.0
ECH103_2E6Z9Z_m,0.0
HADH102_3H6Z9Z_m,0.0
KAT102_3OXO6Z9Z_m,0.0
ACOADH82_4Z7Z_m,0.0
DECOAR83_2E4Z7Z_m,0.0
ECOAI82_3E7Z_m,0.0
ECH82_2E7Z_m,0.0
HADH81_3H7Z_m,0.0
KAT81_3OXO7Z_m,0.0
ACOADH61_5Z_m,0.0
ECH62_2E5Z_m,0.0
HADH61_3H5Z_m,0.0
KAT61_3OXO5Z_m,0.0
BUT3ZI_m,0.0
OCACPSST_m,0.0
LIPPT_m,0.0
ACCOAC_m,-2.51968584886e-16
MCOATA_m,-2.51968584886e-16
ACOATA_m,-4.75809867696e-17
3OAS40_m,-4.75809867696e-17
3OAR40_m,-4.75809867696e-17
3HAD41_m,-4.75809867696e-17
EAR40_m,-4.75809867696e-17
3OAS60_m,-4.75809867696e-17
3OAR60_m,-4.75809867696e-17
3HAD61_m,-4.75809867696e-17
EAR60_m,-4.75809867696e-17
3OAS80_m,-4.75809867696e-17
3OAR80_m,-4.75809867696e-17
3HAD81_m,-4.75809867696e-17
EAR80_m,-4.75809867696e-17
3OAS100_m,-4.75809867696e-17
3OAR100_m,-4.75809867696e-17
3HAD101_m,-4.75809867696e-17
EAR100_m,-4.75809867696e-17
3OAS120_m,-4.75809867696e-17
3OAR120_m,-4.75809867696e-17
3HAD121_m,-4.75809867696e-17
EAR120_m,-4.75809867696e-17
3OAS140_m,-4.75809867696e-17
3OAR140_m,-4.75809867696e-17
3HAD141_m,-4.75809867696e-17
EAR140_m,-4.75809867696e-17
3OAS160_m,-4.75809867696e-17
3OAR160_m,-4.75809867696e-17
3HAD161_m,-4.75809867696e-17
EAR160_m,-4.75809867696e-17
FA160ACPH_m,-4.75809867696e-17
FACOAL_160_m,-4.75809867696e-17
G3PAT160_m,0.0
AGPATCOA_PALM_PALM_m,0.0
CDPDAGS_PALM_PALM_m,0.0
PGPP_PALM_PALM_m,0.0
CLS_m,0.0
CLM_m,0.0
ORPRT_c,-0.00413032856297
UDPH_c,0.0
UTPH_c,0.0
CDPH_c,0.0
CTPH_c,0.0
DTDPH_c,0.0
DTTPH_c,0.0
ATUD_c,0.0504884553031
ATDUD_c,0.0
ATCD_c,0.0364190026007
ATDCD_c,0.000102415795925
ATDTD_c,0.000107588964048
UTPPH_c,0.0
DUTPPH_c,0.0
ATCY_c,0.0
DATCY_c,0.0
DCTCP_c,0.0
GTCY_c,0.0
ITCY_c,0.0
UTCY_c,0.0
AUPT_c,0.0
DATUP_c,0.0
DUTUP_c,0.0
GTUP_c,0.0
ITUP_c,0.0
UTUP_c,0.0
UMPP_c,0.0
CMP_c,0.0
NTD1_c,0.0
TPH_c,0.0
YUMPS_c,0.0
UPRT_c,0.0
CSDA_c,0.0
5MCSDA_c,0.0
DCMAH_c,0.000107588964048
DURIPP_c,0.0
TMDPP_c,0.0
DHRDH_c,0.00413032856297
ATCM_c,0.0366290073606
ATDCM_c,-0.000107588964048
PRDPAR_c,0.00413032856297
FPGFT_c,0.00413032856297
AAL(fum)_c,0.00744278535856
AIAL_c,0.00413032856297
APPRT_c,0.00710786982083
GPAR_c,-0.0246329048749
FPAIF_c,0.00945701515849
ICH_c,0.00945701515849
ADPH_c,0.0
GDPH_c,0.0
GTPH_c,0.0
IDPA_c,0.0
ITPA_c,0.0
HPRT_c,0.0
XPPRT_c,0.0
DMPH_c,0.0
GMP5N_c,-0.0246329048749
I5NT_c,0.0
X5NT_c,0.0
AMP5N_c,0.0
DAMPH_c,0.0
PUNP1_c,0.00710786982083
PUNP2_c,0.0
PUNP3_c,-0.0246329048749
PUNP4_c,0.0
PUNP5_c,0.0
PUNP6_c,0.0
PUNP7_c,0.0
ADNK_c,0.0
ADNDA_c,0.0
ADEDA_c,0.0
HXANDH_c,0.0
XANDH_c,0.0
URO_c,0.0
HIUH_c,0.0
ATNAH_c,0.0
ATAH_c,0.0
UREAt_m,0.0
ATID_c,0.0
ATGD_c,0.852025754842
ATDGD_c,0.000102415795925
NDPK_c,0.000107588964048
ITPP_c,0.0
DGTD_c,0.0
NTDP_c,0.0
SUAT_c,0.0
BTP_c,0.0
BTPS_c,0.0
ADEC_c,0.0
AGPT_c,0.00201422979993
ATDGM_c,0.0
GDTP_c,0.0
GUAC_c,0.0
GTPDPK_c,0.0
ME2_m,-6.66133814775e-16
ICDH_m,0.0
SULO_m,0.0
BPNT2_h,1.16884504841
OMPDC_c,0.00413032856297
RUBISO_h,0.0
BCTAI_c,0.0
BCTAI_m,0.0
BCTAL_c,0.0
BCTAL_m,0.0309723896083
BCTAV_c,0.0
BCTAV_m,0.0
I3OXD_m,0.0309723896083
TRPIL_c,0.0
ORNDC_c,0.0
ARGDC_c,0.0
AGMDI_c,0.0
AKGR_m,0.0
ADMDC_c,0.0
AMSAPT_c,0.0
SOOR_c,0.0
SDOOR_c,0.0
SACCD_c,0.0340515081836
AASS_c,0.0340515081836
AASDH1_c,0.0
AASDH2_c,0.0340515081836
OXOADPt_m,0.0340515081836
OADPDH_m,0.0340515081836
GCDH_m,0.0340515081836
AOATA_h,0.0
AOATA_m,0.0
GOATA_h,0.0456384157811
GOATA_m,0.0
OXOGAH_h,0.0456384157811
OXOGAH_m,0.0
OXOSUCAH_h,0.0
OXOSUCAH_m,0.0
ABPTA_m,0.0
ABGTA_m,0.0
ABOTA_m,0.0
SSAL1_m,0.0
GF6PTA_c,0.0
TYRTA_c,-0.0114999988751
34HPPOR_c,0.0
MACACI_c,0.0
ISOVCOADH_m,0.0
HMGCOAS_m,0.0
OCOAT_m,0.0
IBCOAD_m,0.0
2MBCOAD_m,0.0
2MBCOAH_m,0.0
2MPCOAH_m,0.0
3HIBCOAHL_m,0.0
3HIBDH_m,0.0
3H2MBCOAOR_m,0.0
PPCOAC_m,0.0
MME_m,0.0
MMM_m,0.0
CHOLD_c,0.0
DMGt_m,0.0
DMGDH_m,0.0
SARDH_m,0.0
CGS_m,0.0
HCYSt_m,0.0
ACCS_c,0.0
MAN6PI_c,0.013537992719
MAN1PT_c,0.013537992719
GDPMEP_c,-4.87895084883e-05
GDPGALPL_c,-4.87895084883e-05
GAL1PP_c,0.0
GALDH_c,0.0
G14LACt_m,0.0
GLACDH_m,0.0
ASCBt_m,0.0
ASCBt_h,0.0
ASCBPOX_c,0.0
ASCBPOX_h,0.286559810144
ASCBPOX_m,0.0
DHAOX_c,0.0
DHAOX_h,0.286685210627
DHAOX_m,0.0
ACCS_h,0.0
ACCOX_c,0.0
5MTAt_m,0.0
5MTRt_m,0.0
MDRPD_c,0.0
DKPPHL_c,0.0
DH5MTPOXR_c,0.0
MTOBTA_c,0.0
CYSTA_c,0.0
MCPST_c,0.0
MCPST_m,0.0
CA_h,-0.705915170792
CA_m,2.51968584886e-16
EX_co2_e,-3.52290494984
CO2t_e,3.52290494984
CO2t_m,-0.982083207146
CO2t_h,4.84527710712
EX_hco3_e,0.0
NAHCO3t_h,-0.00567142611946
NAHCO3t_m,0.0
NAHCO3CLt_e,0.0
EX_no2_e,0.0
EX_no3_e,-0.591238742736
EX_nh4_e,0.0
NO2t_e,0.0
NO3t_e,0.591238742736
NO2t_h,0.591238742736
NH4t_h,0.427323096094
NTRIR_h,0.0
CYNTL_m,0.0
GLUDH_m,0.0
CYOR_m,0.585378509894
CYOO_m,0.292689254947
GLCNACT_c,0.0
BDMT_c,0.0
G13MT_c,0.0
G16MT_c,0.0
G12MT1_c,0.0
G12MT2_c,0.0
DOLPMT1_c,0.0
G12MT3_c,0.0
G12MT4_c,0.0
DOLPMT2_c,0.0
DOLK_c,0.0
DOLDPP_c,0.0
UDPDOLPT_c,0.0
DOLPGT1_c,0.0
DOLPGT2_c,0.0
DOLPGT3_c,0.0
DOLASNT_c,0.0
MG1_c,0.0
MM1_c,0.0
MM2_c,0.0
DM_m2masn_c,0.0
BHMT_c,0.0
AATA_c,0.0340515081836
HMGCOAt_m,0.0
HMGCOAR_c,0.0
MEVK_c,0.0
PMEVK_c,0.0
DPMVD_c,0.0
MECDPS_h,0.0345844884916
GRDPt_c,0.0
IPDPt_m,0.0
NPDPS_h,0.0
HGENTISt_h,0.0
NPDPt_h,0.0
HST_h,0.0
HPT_h,0.0
DTOCOC_h,0.0
GTOCOC_h,0.0
BTOCOMT_h,0.0
HPPOXR_m,0.0
HPLHL_m,0.0
COUCOAF_m,0.0
4HBZCOAF_m,0.0
4HBZF_m,0.0
HBZNPT_m,0.0
3NPHBH1_m,0.0
3NPHBH2_m,0.0
DHNPBMT_m,0.0
NPHMBDC_m,0.0
COQ6_m,0.0
COQ5_m,0.0
COQ7_m,0.0
COQ3_m,0.0
SQLE_c,0.0
CAMT_c,0.0
MCAO_c,0.0
FCSTOLS_c,0.0
FCSTOLI_c,0.0
EPISTLDS_c,0.0
DHEPSTRLDS_c,0.0
ERGSTOLR_c,0.0
BRASSSTRLS_c,0.0
3DSPHR_c,0.0
SLCBK1_c,0.0
DHCERS18_c,0.0
CERDA18_c,0.0
DHCERD4DS_c,0.0
CRMDA18_c,0.0
CERD8DS_c,0.0
SLCBK2_c,0.0
SPHAPPL_c,0.0
SPHPPL_c,0.0
SLCBPH1_c,0.0
SLCBPH2_c,0.0
PDYXPT_c,0.0
PYDXDH_c,0.0
PYRDX5Pt_h,0.0
AMPMS_h,0.0
PMPK_h,0.0
CYSDS_h,0.0
THISAT_h,0.0
THII_h,0.0
GLYCOX1_h,0.0
GLYCOX2_h,0.0
DXYTST_h,0.0
THZT_h,0.0
TMPPP_h,0.0
TMPPH_h,0.0
TMPK_c,0.0
TMPPK_c,0.0
TMTP_h,0.0
TMN_c,0.0
AHMMPt_h,0.0
HMPK_h,0.0
ICHORS_h,0.0
SEPHCHCS_h,0.0
SHCHCS_h,0.0
SUCBZS_h,0.0
SUCBZt_x,0.0
SUCBZL_x,0.0
SBZCOADH_x,0.0
DHNAt_x,0.0
PIMACPS_m,0.0
AOXS_m,0.0
AMAOT_m,0.0
DBTS_m,0.0
BTS_m,0.0
BTNPL_m,0.0
GTPCII_h,0.0
DHPPDA_h,0.0
APRAUR_h,0.0
PMDPHT_h,0.0
DB4PS_h,0.0
DMRLMS_h,0.0
RBFS_h,0.0
RBFK_h,0.0
RBFK_c,0.0
FMNACP_h,0.0
FMNAT_h,0.0
FADR_h,0.0
FADDP_h,0.0
GLUNA1t_h,0.0
GLUNA1t_m,-0.0436001076153
GLNTL_c,0.0199353891542
GLNTL_h,0.0
GLNt_h,0.29172060279
GLNt_m,-0.239026241486
ALATL_c,0.0456384157811
ALATL_h,0.0
ALANA1t_h,0.0456384157811
ALANA1t_m,0.0
ASPTL_c,0.0171618081372
ASPNA1t_h,0.0692304694571
ASPNA1t_m,0.0
ASNTL_h,0.0
ASNNA1t_h,0.0
ASNNA1t_m,0.0
GLYNA1t_h,0.0
GLYNA1t_m,0.0222105744004
THRNA1t_h,1.38777878078e-17
THRNA1t_m,0.0
SERTL_h,0.0
SECYSTL_c,0.0
SECYSTL_h,0.0
SERNA1t_h,0.0
SERNA1t_m,0.0637073228493
CYSTL_h,0.0
CYSt_h,0.0
CYSt_m,0.0
METt_m,0.0
VALt_h,0.0256501125216
VALt_m,0.0
LEUTL_h,0.0
LEUt_h,0.0
LEUt_m,0.0309723896083
ILEt_h,0.0197105042069
ILEt_m,0.0
LYSt_h,0.0538281550221
LYSt_m,0.0
HISTL_h,0.0
HISt_h,0.0
PHETL_c,0.0204953967682
PHETL_h,0.0
PHEt_h,0.0
PHEt_m,0.0
TYRTL_m,0.0
TYRt_h,0.0
TYRt_m,0.0
TRPTL_h,0.0
TRPt_h,0.0
EX_biotin_e,0.0
EX_fe2_e,0.0
EX_h_e,-0.609235345765
EX_h2o_e,-2.47602252681
EX_o2_e,5.10982638283
EX_pi_e,-0.0268987945271
EX_na1_e,-8.881784197e-16
EX_so4_e,-0.0110618826236
EX_hso3_e,0.0
EX_mg2_e,-0.00385385856235
GLYCLTt_c,0.0
GLYCLTt_m,0.0
GLYCLTt_x,0.0
GLYCLTt_e,0.0
EX_glyclt_e,0.0
GOX_x,0.0
GOX_m,0.0
MALt_x,0.0
ICITt_x,0.0
GLYCLTD_m,0.0
PEPPIt_h,0.0
ALPL_m,0.0
DHPNTR_m,0.0
BAMPPALDOX_c,0.0
PNTK_m,0.0
PPDCDC_m,0.0
DPCOAK_c,0.0
ASPOR_m,0.0
QULNS_m,0.0
NNDPR_c,0.0
NNAT_c,0.0
DNADDP_c,0.0
NADS_c,2.74740199302e-16
THD1_h,-0.0354920976284
FTHFCL_c,0.0
MTHFD2_c,0.0135873437215
MTHFD2_m,0.0
UPPS_h,0.00385385856235
PHEMEFT_c,0.0
DHBILVOX_h,0.0
PHYEBILIN_h,0.0
MPOXR_h,0.00385385856235
CHLPC1S_h,0.00013303045875
CHLPC2S_h,0.000233290092415
PHYPQOX_h,0.0
ZISO_h,0.0
ZCARDS_h,0.0
PLYCOI_h,0.0
LYCBC2_h,0.00266541993724
PHYDS4S_h,0.0
BCAROXR_h,0.0025052436695
ZXANEPOX_h,0.0025052436695
ANTHXANEPOX_h,0.0025052436695
NSY_h,-0.0025052436695
VIOXANDE_h,0.0
ANTHXANDE_h,0.0
FXANS_h,0.00200028536602
DIADINX_h,0.000504958303475
DIADINXDE_h,0.000125400483661
DIATOXEPOX_h,0.0
EX_selt_e,0.0
SELTt_e,0.0
SLDK_c,0.0
ACSERL_c,0.0
ACSERL_h,0.0
ACSERL_m,0.0
SELCYSLY2_h,0.0
ACHMSSELCYSL_m,0.0
SEAHCYSHYD_c,0.0
SEMETTL_c,0.0
SEMETHL_c,0.0
GDR_h,0.286685210627
GDR_c,0.0
GDR_m,0.0
GDR_NADP_h,0.0
GDR_NADP_c,0.0
GDR_NADP_m,0.0
GTHP_c,0.0
FNOR_h,10.6916206933
EX_glc_e,0.0
EX_cl_e,0.0
O2t_e,-5.10982638283
O2t_h,-6.30295190384
O2t_m,1.17407832796
O2t_u,-6.83047468257
O2t_x,0.0
H2Ot_e,2.47602252681
H2Ot_h,3.41439037447
H2Ot_m,-5.17259728132
H2Ot_u,13.6608239647
H2Ot_x,0.0
CITRLt_m,-0.019207820207
CBPt_m,-0.00413032856297
CHORt_h,-0.0319953956432
PPOR_c,0.0114999988751
34HPPt2_m,0.0
3C4MOPt_h,-0.0309723896083
3C4MOPt_m,0.0309723896083
2OBUTt_h,0.0197105042069
2OBUTt_m,0.0
ANTHt_h,-0.00393769133261
G3PL_c,0.0
5FTHFt_m,0.0
FAC1629Z12Zt_c,4.87895084883e-05
ALABt_m,0.0
AMPt_h,-0.0411760080502
AMPt_m,4.75809867696e-17
AMPt_x,-8.67361737988e-18
CMPt_h,-0.0352034405236
CMPt_m,0.0
FK_c,0.0
F1PGT_c,0.0
GMAND_c,0.00334043293496
GFUCS_c,0.00334043293496
PFP_c,0.862493528734
RBKRPE_h,0.0
XYLK_c,0.0
XYLI_c,0.0
GALT_c,0.0
GALK_c,4.87895084883e-05
UDPGLDC_c,0.00427994750254
TRE6PSP_c,0.0
UDPRHMS_c,0.00190637704253
CPS_m,0.0
CPS_c,0.0
FE2GTPabc_e,0.0
FE2t_h,0.0
NH4t_e,0.0
NH4t_m,-0.380184531622
PIt_e,0.533313991464
PIt_h,-0.0414689773624
PIt_m,4.7239191752
PIt_x,0.0
SO4t_e,-0.571274668615
SO4t_h,0.0110618826236
SO4t_m,0.0
SO3t_m,0.0
SO3t_h,0.0
NADK_m,0.0
Ht_x,0.0
ATPt_h,0.0
ATPt_m,4.71997479014
ATPM_c,0.0
EX_thm_e,0.0
ALATA_L_m,0.0
MSBENZMT_h,0.0
DHNANT_h,0.0
AMPQT_h,0.0
QULNt_c,0.0
NADt_h,5.20417042793e-17
NADt_m,4.4408920985e-16
NADPt_x,0.0
NADt_x,0.0
ATPt_x,0.0
ACCOAt_x,-8.67361737988e-18
COAt_m,1.11022302463e-16
COAt_h,7.2858385991e-17
DPCOAt_m,0.0
CATCAC_c,0.0
FADt_x,0.0
FADt_h,0.0
FMNt_h,0.0
THMt_h,0.0
THMPPt_h,0.0
THMPPt_m,0.0
BIOTINt_c,0.0
BIOTINt_h,0.0
AMETt_h,0.00385385856235
AMETt_m,0.0
THFt_m,0.0
MTHFt_m,0.0
ACS_h,0.0
SUCCt_x,0.0
PPA_x,0.0
ETFQO_m,0.0340515081836
BACCL_h,0.0
UTPt_h,0.00748560785677
UDPt_h,0.00722801412743
GTPt_h,0.0
DMPPt_h,0.0
GLXt_h,0.0
GLXt_x,0.0
AHCYSt_m,0.0
MG2t_h,0.00385385856235
PHEMEt_h,0.0
PTRCt_m,0.0
ACACt_m,0.0
AIRt_h,0.0
HEMEOt_m,0.0
H2St_h,0.00828546698094
H2St_m,0.0
5MTAt_h,0.0
ADEt_m,0.0
AGMt_m,0.0
BILIVERDt_h,0.0
CTPt_m,0.0
HTHBPt_m,4.5161614561e-17
METt_h,0.0
MYOIt_h,0.0
MYOIt_m,0.000185943500485
EX_h2_e,0.0
SUCFUMt_m,0.00413032856297
BTNCCPP_c,0.0
ACCPF_c,0.0
BTND1_c,0.0
BTNCCPP_h,0.0
ACCPF_h,0.0
BTND1_h,0.0
BTNCCPP_m,0.0
ACCPF_m,0.0
BTND1_m,0.0
DM_phyt_c,0.0
DM_thmppp_c,0.0
DM_tre_c,0.0
PTPAT_m,0.0
FTR_h,0.0103451395514
NTRC_h,0.0
APSt_h,0.0
BPNT_h,0.0103451395514
CTPt_h,0.0352034405236
ADPHt_h,0.077096191646
GLUTL_h,0.0308308684988
MG2t_e,0.00385385856235
ASPSAt_c,0.00660985364791
ASPSAt_m,0.00660985364791
ACHMSt_c,0.00660985364791
ACt_c,0.0
THBPt_m,-4.5161614561e-17
EX_fol_e,0.0
FOLt_c,0.0
METHFt_m,6.24500451352e-17
PPA2_c,0.0
UPPG3t_h,0.00385385856235
TAG_HDE_HDE_OLEt_h,0.000120501718508
TAG_HDE_HDE_PALMt_h,0.00709322946279
TAG_HDE_PALM_OLEt_h,0.000185943500485
TAGAH_DHA_EPA_HDTTE_c,0.0
TAGAH_EPA_EPA_HDTE_c,0.0
TAGAH_EPA_EPA_HDTTE_c,0.0
TAGAH_HDE_DHA_HDTTE_c,0.0
TAGAH_HDE_EPA_HDTTE_c,0.0
TAGAH_HDE_HDE_OLE_c,0.000120501718508
TAGAH_HDE_HDE_PALM_c,0.0
TAGAH_HDE_PALM_OLE_c,0.000185943500485
CO2t_x,0.0
P5CR_m,0.0
ORNt_m,0.019207820207
AHCYSt_c,0.00385385856235
HPTALt_m,0.0
ALDD3C7_c,0.0
ALDD3C16_c,0.0
ALDD3C161_c,0.0
FACOAL_70_c,0.0
FACOAL_161_2E_c,0.0
CATC162E_c,0.0
CATC70_c,0.0
CARN70t_m,0.0
CARN1612Et_m,0.0
CAT270_m,0.0
CAT21612E_m,0.0
FAOXC70_m,0.0
ACGAM6PS_c,0.0
ACGAMPM_c,0.0
UAGDP_c,0.0
NADHt_c,0.0
NADPt1_c,-3.40005801291e-16
NADPt2_c,5.77428887453e-16
FORt_c,0.0
RIBFLVt_c,0.0
FADt_c,0.0
FADt_m,1.92207361138e-15
CARNt_c,0.0
CARNt_x,0.0
LPAMt_c,0.0
LPAMt_h,0.0
AMOB_use_m,0.0
DAD5t_c,0.0
DAD5t_h,0.0
5DOAN_c,0.0
DM_5drib_c,0.0
DM_2mop_m,0.0
CYANt_m,0.0
THMPPPt_h,0.0
MI3PDt_m,0.000185943500485
MI3PDt_h,0.0
DM_fald_m,0.0
COt_c,0.0
COt_e,0.0
EX_co_e,0.0
FADH2t_c,0.0
GLUCYS_h,0.0
ORNt_h,-0.0486501102718
PDX5Pt_h,0.0
PPHNt_h,0.0
R1Pt_h,0.0
5HPUDICDC_c,0.0
ACALDt_m,-3.46944695195e-18
sink_Asn-X-Ser_Thr_c,0.0
CAMPPDE_c,0.0
CPPPG3t_h,0.00385385856235
CMT2_c,0.0
DM_mhpglu_c,0.0
PHSERt_h,0.0439716214656
PPGPPDP_c,0.0
CYANt_c,0.0
EX_cyan_e,0.0
CYNTt_c,0.0
CYNTt_m,0.0
EX_cynt_e,0.0
TCYNTt_c,0.0
TCYNTt_m,0.0
EX_tcynt_e,0.0
LACDt_c,0.0
LACDt_m,0.0
EX_lac_d_e,0.0
ETOHt_c,0.0
EX_etoh_e,0.0
ATP2t_m,4.71997479014
FRNDPR_m,0.0
DHDDS_c,0.0
DEDOLP1_c,0.0
DEDOLP2_c,0.0
DEDOLR_c,0.0
FRNDPR_c,0.0
CLt_h,0.0
CLt_e,0.0
CLt_m,0.0
PINAt_e,0.560212785991
PINAt_h,0.0
NAHt_e,0.0
NAHt_h,-0.870010874843
NASO4t_e,-0.560212785991
PYROHt_c,0.0
PYRONAt_c,0.0
ATPS1_c,0.0
XYLE_c,0.00306695386131
PAPSt_h,0.000716743072178
GDPMANST_c,0.000716743072178
BPNT_c,0.000716743072178
G3PAT180_h,0.0
AGPATACP_STC_HDE_h,0.0
PAPA_STC_HDE_h,0.0
MGDGS_STC_HDE_h,0.0
MGDGH_STC_HDE_h,0.0
MGDGD12DS_STC_HDDE_sn2_h,0.0
MGDGD6DS_STC_HDTE_sn2_h,0.0
MGDGH_STC_HDTE_h,0.0
AGPATACP_HDE_OLE_h,0.0
PAPA_HDE_OLE_h,0.0
MGDGS_HDE_OLE_h,0.0
MGDGH_HDE_OLE_h,0.0
MGDGD12DS_HDDE_HDTE_sn1_h,0.0
MGDGH_HDDE_HDTE_h,0.0
PAPA_PALM_PALM_h,0.0
SQDGS_PALM_PALM_h,0.0
UDPSQt_h,0.000257593729338
AGPATCOA_HDE_TTC_c,0.000257593729338
PAPA_HDE_TTC_c,0.000257593729338
SQDGS_HDE_TTC_c,0.000257593729338
SQDGD12DS_HDDE_PALM_sn1_h,0.0
ASQ_EPA_PALM_2OEPA_h,0.000103158671997
LPCAT_EPA_HDDE_c,4.87895084883e-05
ACPT_EPA_HDE_c,0.0
ACPT_EPA_EPA_c,0.0
AACPDAGAT_HDE_PALM_PALM_h,0.0
ACOADAGAT_HDE_PALM_PALM_c,0.0
ACOADAGAT_HDE_PALM_EPA_c,0.0
PLDAGAT_HDE_PALM_PALM_PC_3_c,0.0
PLDAGAT_HDE_PALM_PALM_PC_6_c,0.0
PLDAGAT_HDE_PALM_EPA_PC_3_c,0.0
PLDAGAT_HDE_PALM_EPA_PC_6_c,0.0
PLDAGAT_HDE_PALM_EPA_PE_14_c,0.0
TAG_HDE_PALM_PALMt_h,0.0
TAGAH_HDE_PALM_PALM_c,0.0
TAGAH_HDE_PALM_EPA_c,0.0
TAGAH_HDE_EPA_HDTE_c,0.0
DM_biomass_c,0.0
biomass_pigm_h,0.00498385257099
bof_c,0.0
CEF_h,0.375702054445
NDHPQR_h,0.0
PTOX_h,0.0
DM_no3_c,0.0
MTOBR_c,0.0
MTHBMT_c,0.0
DMPSS_c,0.0
biomass_DNA_c,0.000129336991613
biomass_RNA_c,0.00251170998504
DM_dmsp_c,0.0
DM_indole_c,0.0
HISD_c,0.0
DM_for_c,-6.89359905177e-15
biomass_pro_c,0.0440959933813
AGAS_m,0.0
MEHLER_h,0.0
ATPM_h,0.0
ATPM_m,0.0
B13GS_c,0.0165930903504
AOX_m,0.678744913054
ASCBt_u,0.000125400483661
DHASCBt_u,0.000125400483661
SOX_m,-1.38315511369e-17
SOD_m,-1.38315511369e-17
FNOR2_h,0.0
G3PAT182_9_12_c,0.000136846668711
AGPATCOA_LNA_LNA_c,0.000136846668711
CHOPT_LNA_LNA_c,0.000136846668711
FA140ACPH_h,0.0
PI4P5K_HDE_PALM_c,0.0
PIP5P_HDE_PALM_c,0.0
PIPLC_HDE_PALM_c,0.0
UREAt_e,0.0
EX_urea_e,0.0
biomass_struct_carb_c,0.00570143391233
biomass_plastid_lipids_h,0.0055584390555
biomass_mem_lipids_c,0.00149891683382
biomass_c_storage_c,0.0126713298354
DM_carbon_storage_c,0.0
bof_c_accumulation_c,0.077151012566
bof_cell_division_c,0.0
DM_biomass_c_acc_c,0.077151012566
DM_biomass_cell_div_c,0.0
GLS4_c,0.0
bof_dark_c,0.0
DM_biomass_dark_c,0.0
GAM,2.31476185317
IDH_m,0.376470715645
ARGt_m,0.0
ORNC_m,0.0
ASPGLU2_m,0.0
SPT_m,0.0
HYPRRx_m,0.0
GLYCK2_m,0.0
NADPHt_x,0.0
G5K_m,0.0
G5DH_m,1.99200365504e-16
NAHt_m,0.0732901792427
COAt_x,0.0
AKGICITt_m,0.0
OAAICITt_m,0.0
MALICITt_m,0.0
NGAM,0.202644159959
OAAAKGt_h,-0.37120158156
DM_photon_c,13.6743074236
DM_13glucan_c,0.0
DM_tag1619Z1619Z160_c,0.0
DM_pigm,0.0
